StartDate,EndDate,Status,Progress,Duration (in seconds),Finished,RecordedDate,ResponseId,DistributionChannel,UserLanguage,Consent,A1,A2,A3,A3_6_TEXT,A3_7_TEXT,A4,A5,state,A6,A7,B8_1,B8_2,B8_3,B8_4,B8_5,B8_6,B8_7,B8_8,B8_9,B8_10,B8_11,B8_12,B8_13,B8_14,B8_15,B8_16,B8_17,B8_18,B8_19,B8_20,B9_1,B9_2,B9_3,B9_4,B9_5,B9_6,B10_1,B11,B12,Attn1,B13_1,B13_2,B13_3,B13_4,B13_5,B13_6,B13_7,B13_8,B13_9,B13_10,B13_11,B13_12,B13_13,B13_14,B13_15,B13_16,B13_17,B14_1,B14_2,B14_3,C15,C16,C16_6_TEXT,C17_1,C17_2,C17_3,C17_4,C17_5,C17_6,C17_7,C18,C19,C20,C21,C22,C23,C23_6_TEXT,C24_1,C24_2,C24_3,C24_4,C24_5,C24_6,C24_7,C25,C26,C27,C28,C29,C30,C30_6_TEXT,C31_1,C31_2,C31_3,C31_4,C31_5,C31_6,C31_7,C32,C33,C34,C35,Attn2,D36,D37,D38_1,D38_2,D38_3,D38_4,D38_5,D38_6,D38_7,D38_8,D39_1,D39_2,D39_3,D39_4,D39_5,D39_6,D39_7,D39_8,D39_9,D39_10,D39_11,D39_12,D39_13,D39_14,D39_15,D39_16,D39_17,D39_18,D39_19,D39_20,D39_21,D39_22,D40_1,D40_2,D40_3,D40_4,D40_5,D40_6,D40_7,D40_8,D40_9,D40_10,D40_11,D40_12,E41,E42_1,E42_2,E43_1,E43_2,E43_3,E44_1,E44_2,E44_3,E44_4,E44_5,E44_6,E45_1,E45_2,E45_3,E45_4,E46_1,E46_2,E46_3,E46_4,E46_5,E46_6,E46_7,E47_1,E47_2,E47_3,E48,E49,E50_1,E50_2,E51_1,E51_2,E51_3,E51_4,E51_5,E51_6,G52_1,G52_2,G52_3,G52_4,G53_1,G53_2,G53_3,G54,G55,G55_4_TEXT,G56a,G56b,G57,G58,G59,SC0,opp,RISN,rid,V,cintid,ProjectToken,Q_RelevantIDDuplicate,Q_BallotBoxStuffing,Q_RecaptchaScore,Q_RelevantIDDuplicateScore,Q_RelevantIDFraudScore,Q_TotalDuration,gc,term,score,region,LS
Start Date,End Date,Response Type,Progress,Duration (in seconds),Finished,Recorded Date,Response ID,Distribution Channel,User Language,"Please read this informed consent carefully before you decide to participate in the study.

 

Consent Form Key Information:

·       Participate in a 25-minute online survey

·       No information collected that will connect identity with responses

·       There are no direct benefits of participating in this study

 

Purpose of the research study: The study will explore the connections between news exposure, ideological/partisan difference, affect in interpersonal relationships, and a sense of belongingness to a broader community.

 

What you will do in the study: If you decide to participate in this research, you will be asked to take a relatively brief online survey. This study will gather data from 600 participants.

 

Time required: Your participation will last approximately 25 minutes.

 

Risks: We don't anticipate anything more than minimal risks to you from participation in this study.

 

Benefits: We don't expect any direct benefits to you from participation in this study. There are benefits to science and society. A well-informed public is essential for a properly functioning democracy. This study has the potential to generate important new insights about the role played by social media use in how individuals become informed about topics of public concern.

 

Confidentiality: This study is confidential. Neither your name or any other identifiable information will be published. Only approved members of the research team will have access to the data collected as part of this survey.  No identifying information about individual survey participants will be provided to the research team.  Nonetheless, all of the data will be securely stored - data will be kept in secure, password protected servers using protocols that have been developed to protect data from unauthorized access and/or use.

 

Voluntary participation: Your participation in the study is completely voluntary.

 

Right to withdraw from the study: You have the right to withdraw from the study at any time without penalty.

 

How to withdraw from the study: To withdraw from the study, simply exit the online survey by closing your browser window. There is no penalty for withdrawing. You will still receive full compensation for the study.

 

Compensation/Reimbursement: You will receive compensation as agreed upon by your panel provider. You will be compensated for your participation after completing the survey.

 

If you have questions about the study or need to report a study related issue please contact:

Name of Principal Investigator: Matthew Barnidge

Title: Assistant Professor

Department Name: Department of Journalism & Creative Media

Telephone: 205-348-8599

Email address: mhbarnidge@ua.edu

 
If you have questions about your rights as a participant in a research study, would like to make suggestions or file complaints and concerns about the research study, please contact: Ms. Tanta Myles, the University of Alabama Research Compliance Officer at (205)-348-8461 or toll-free at 1-877-820-3066.  You may also ask questions, make suggestions, or file complaints and concerns through the IRB Outreach Website at http://ovpred.ua.edu/research-compliance/prco/. You may email the Office for Research Compliance at rscompliance@research.ua.edu.",How old are you?,What is your gender?,How would you describe your race or ethnicity? - Selected Choice,How would you describe your race or ethnicity? - Multiple races and ethnicities (please specify:) - Text,How would you describe your race or ethnicity? - Other (please specify:) - Text,What is the highest level of education you have attained?,Which of the following best describes your annual household income?,"50 States, D.C. and Puerto Rico",Do you have a Facebook account?,"In the past week, on average, approximately how much time PER DAY have you spent actively using Facebook?",Following are a number of statements that reflect various ways in which we view ourselves. Rate the degree to which you agree or disagree with each statement. There are no right or wrong answers. Do not spend too much time with any one statement and do not leave any unanswered. - I feel comfortable in the presence of strangers when I’m on Facebook.,Following are a number of statements that reflect various ways in which we view ourselves. Rate the degree to which you agree or disagree with each statement. There are no right or wrong answers. Do not spend too much time with any one statement and do not leave any unanswered. - I am in tune with members of my Facebook network.,"Following are a number of statements that reflect various ways in which we view ourselves. Rate the degree to which you agree or disagree with each statement. There are no right or wrong answers. Do not spend too much time with any one statement and do not leave any unanswered. - Even among my Facebook friends, there is no sense of brother/sisterhood.",Following are a number of statements that reflect various ways in which we view ourselves. Rate the degree to which you agree or disagree with each statement. There are no right or wrong answers. Do not spend too much time with any one statement and do not leave any unanswered. - I fit in well in new situations on Facebook.,Following are a number of statements that reflect various ways in which we view ourselves. Rate the degree to which you agree or disagree with each statement. There are no right or wrong answers. Do not spend too much time with any one statement and do not leave any unanswered. - I feel close to people on Facebook.,Following are a number of statements that reflect various ways in which we view ourselves. Rate the degree to which you agree or disagree with each statement. There are no right or wrong answers. Do not spend too much time with any one statement and do not leave any unanswered. - I feel disconnected from my Facebook friends.,"Following are a number of statements that reflect various ways in which we view ourselves. Rate the degree to which you agree or disagree with each statement. There are no right or wrong answers. Do not spend too much time with any one statement and do not leave any unanswered. - Even around Facebook friends I know, I don’t feel that I really belong.",Following are a number of statements that reflect various ways in which we view ourselves. Rate the degree to which you agree or disagree with each statement. There are no right or wrong answers. Do not spend too much time with any one statement and do not leave any unanswered. - I see Facebook friends as friendly and approachable.,Following are a number of statements that reflect various ways in which we view ourselves. Rate the degree to which you agree or disagree with each statement. There are no right or wrong answers. Do not spend too much time with any one statement and do not leave any unanswered. - I feel like an outsider when I’m on Facebook.,Following are a number of statements that reflect various ways in which we view ourselves. Rate the degree to which you agree or disagree with each statement. There are no right or wrong answers. Do not spend too much time with any one statement and do not leave any unanswered. - I feel understood by people on Facebook.,Following are a number of statements that reflect various ways in which we view ourselves. Rate the degree to which you agree or disagree with each statement. There are no right or wrong answers. Do not spend too much time with any one statement and do not leave any unanswered. - I feel distant from Facebook friends.,Following are a number of statements that reflect various ways in which we view ourselves. Rate the degree to which you agree or disagree with each statement. There are no right or wrong answers. Do not spend too much time with any one statement and do not leave any unanswered. - I can relate to my Facebook friends.,Following are a number of statements that reflect various ways in which we view ourselves. Rate the degree to which you agree or disagree with each statement. There are no right or wrong answers. Do not spend too much time with any one statement and do not leave any unanswered. - I have little sense of togetherness with my Facebook friends.,Following are a number of statements that reflect various ways in which we view ourselves. Rate the degree to which you agree or disagree with each statement. There are no right or wrong answers. Do not spend too much time with any one statement and do not leave any unanswered. - I find myself actively involved in Facebook friend’s lives.,Following are a number of statements that reflect various ways in which we view ourselves. Rate the degree to which you agree or disagree with each statement. There are no right or wrong answers. Do not spend too much time with any one statement and do not leave any unanswered. - I catch myself losing a sense of connectedness with society when I am on Facebook.,Following are a number of statements that reflect various ways in which we view ourselves. Rate the degree to which you agree or disagree with each statement. There are no right or wrong answers. Do not spend too much time with any one statement and do not leave any unanswered. - I am able to connect with other people on Facebook.,Following are a number of statements that reflect various ways in which we view ourselves. Rate the degree to which you agree or disagree with each statement. There are no right or wrong answers. Do not spend too much time with any one statement and do not leave any unanswered. - I see myself as a loner when I am on Facebook.,Following are a number of statements that reflect various ways in which we view ourselves. Rate the degree to which you agree or disagree with each statement. There are no right or wrong answers. Do not spend too much time with any one statement and do not leave any unanswered. - I can't relate to most people on Facebook.,Following are a number of statements that reflect various ways in which we view ourselves. Rate the degree to which you agree or disagree with each statement. There are no right or wrong answers. Do not spend too much time with any one statement and do not leave any unanswered. - My Facebook friends feel like family.,Following are a number of statements that reflect various ways in which we view ourselves. Rate the degree to which you agree or disagree with each statement. There are no right or wrong answers. Do not spend too much time with any one statement and do not leave any unanswered. - I don’t really engage with anyone or any group on Facebook.,How much do you feel that you belong to the following communities? - Your neighborhood,How much do you feel that you belong to the following communities? - Your town,How much do you feel that you belong to the following communities? - Society,How much do you feel that you belong to the following communities? - Your online communities,How much do you feel that you belong to the following communities? - Your personal community,How much do you feel that you belong to the following communities? - Your professional community,"Generally speaking, would you say that most people can be trusted, or that you can’t be too careful in dealing with people? - You can’t be too careful:Most people can be trusted",Could you tell me how much you trust people that you meet for the first time?,"Generally speaking, how often can you trust other people?","We appreciate your participation in this survey. We know not everyone pays close attention to online surveys, and we'd like to take a moment to make sure you're paying attention to this one. 
Please select the animal from the choices below.",Please rate your feelings of trust towards the following people and organizations: - Your friends,Please rate your feelings of trust towards the following people and organizations: - National government,Please rate your feelings of trust towards the following people and organizations: - Local government,Please rate your feelings of trust towards the following people and organizations: - The mainstream news media,Please rate your feelings of trust towards the following people and organizations: - Alternative news media,Please rate your feelings of trust towards the following people and organizations: - Local news media,Please rate your feelings of trust towards the following people and organizations: - News you follow on Facebook,Please rate your feelings of trust towards the following people and organizations: - News shared by others on Facebook,Please rate your feelings of trust towards the following people and organizations: - Universities,Please rate your feelings of trust towards the following people and organizations: - Your immediate family,Please rate your feelings of trust towards the following people and organizations: - Your extended family,Please rate your feelings of trust towards the following people and organizations: - Your religious group,Please rate your feelings of trust towards the following people and organizations: - Local businesses,Please rate your feelings of trust towards the following people and organizations: - Multinational corporations,Please rate your feelings of trust towards the following people and organizations: - Tech companies,Please rate your feelings of trust towards the following people and organizations: - People in your neighborhood,Please rate your feelings of trust towards the following people and organizations: - Scientists,To what extent do you agree or disagree with the following statements? - The news media get in the way of society solving its problems more than they help society solve its problems.,To what extent do you agree or disagree with the following statements? - The news media often do not tell the whole story.,To what extent do you agree or disagree with the following statements? - I trust the news media to report the news accurately.,"From time to time, people post information and opinions about government, elections, and politics on Facebook. We'd like to know the first names or just the initials of people in your Facebook network who post about these matters. These people might be from your family, from work, from the neighborhood, from some other organization you belong to, or they might be from somewhere else.",Which category best applies to [QID14-ChoiceTextEntryValue]? - Selected Choice,Which category best applies to [QID14-ChoiceTextEntryValue]? - Other - Text,"When [QID14-ChoiceTextEntryValue] posts about politics, do you ever engage in the following activities? - Click on the story","When [QID14-ChoiceTextEntryValue] posts about politics, do you ever engage in the following activities? - Scan the headline of the story","When [QID14-ChoiceTextEntryValue] posts about politics, do you ever engage in the following activities? - Read or watch the entire story","When [QID14-ChoiceTextEntryValue] posts about politics, do you ever engage in the following activities? - Seek out additional information about the topic in the story","When [QID14-ChoiceTextEntryValue] posts about politics, do you ever engage in the following activities? - ""Like"" the story","When [QID14-ChoiceTextEntryValue] posts about politics, do you ever engage in the following activities? - Share the story","When [QID14-ChoiceTextEntryValue] posts about politics, do you ever engage in the following activities? - Comment on the story",How similar or different would you say your political views are to those of [QID14-ChoiceTextEntryValue]?,"Aside from politics, how much do you think you have in common with [QID14-ChoiceTextEntryValue]?",How much do you like [QID14-ChoiceTextEntryValue]?,Please indicate the picture that best describes your current relationship with [QID14-ChoiceTextEntryValue]?,"Aside from [QID14-ChoiceTextEntryValue], who is the person in your Facebook network who posts the next most about politics?",Which category best applies to [QID20-ChoiceTextEntryValue]? - Selected Choice,Which category best applies to [QID20-ChoiceTextEntryValue]? - Other - Text,"When [QID20-ChoiceTextEntryValue] posts about politics, do you ever engage in the following activities? - Click on the story","When [QID20-ChoiceTextEntryValue] posts about politics, do you ever engage in the following activities? - Scan the headline of the story","When [QID20-ChoiceTextEntryValue] posts about politics, do you ever engage in the following activities? - Read or watch the entire story","When [QID20-ChoiceTextEntryValue] posts about politics, do you ever engage in the following activities? - Seek out additional information about the topic in the story","When [QID20-ChoiceTextEntryValue] posts about politics, do you ever engage in the following activities? - ""Like"" the story","When [QID20-ChoiceTextEntryValue] posts about politics, do you ever engage in the following activities? - Share the story","When [QID20-ChoiceTextEntryValue] posts about politics, do you ever engage in the following activities? - Comment on the story",How similar or different would you say your political views are to those of [QID20-ChoiceTextEntryValue]?,"Aside from politics, how much do you think you have in common with [QID20-ChoiceTextEntryValue]?",How much do you like [QID20-ChoiceTextEntryValue]?,Please indicate the picture that best describes your current relationship with [QID20-ChoiceTextEntryValue]?,"We’d like to ask you about one final person. Aside from [QID14-ChoiceTextEntryValue] and [QID20-ChoiceTextEntryValue], who is the person in your Facebook network who posts the most about politics?",Which category best applies to [QID26-ChoiceTextEntryValue]? - Selected Choice,Which category best applies to [QID26-ChoiceTextEntryValue]? - Other - Text,"When [QID26-ChoiceTextEntryValue] posts about politics, do you ever engage in the following activities? - Click on the story","When [QID26-ChoiceTextEntryValue] posts about politics, do you ever engage in the following activities? - Scan the headline of the story","When [QID26-ChoiceTextEntryValue] posts about politics, do you ever engage in the following activities? - Read or watch the entire story","When [QID26-ChoiceTextEntryValue] posts about politics, do you ever engage in the following activities? - Seek out additional information about the topic in the story","When [QID26-ChoiceTextEntryValue] posts about politics, do you ever engage in the following activities? - ""Like"" the story","When [QID26-ChoiceTextEntryValue] posts about politics, do you ever engage in the following activities? - Share the story","When [QID26-ChoiceTextEntryValue] posts about politics, do you ever engage in the following activities? - Comment on the story",How similar or different would you say your political views are to those of [QID26-ChoiceTextEntryValue]?,"Aside from politics, how much do you think you have in common with [QID26-ChoiceTextEntryValue]?",How much do you like [QID26-ChoiceTextEntryValue]?,Please indicate the picture that best describes your current relationship with [QID26-ChoiceTextEntryValue]?,"Thanks for answering those questions. We realize that participating in a survey can be tiresome, and we'd like to pause briefly to make sure you're still paying attention to the survey. Please answer the following question:
What year is it?",About how many people or accounts are you “friends with” on Facebook?,About how many news organizations or pages do you “follow” on Facebook?,"People have many different kinds of “friends” on Facebook. Looking at the categories below, please tell us about how many people in your friend list could be described as: - People you know from your current work or school","People have many different kinds of “friends” on Facebook. Looking at the categories below, please tell us about how many people in your friend list could be described as: - People you know from schools you've attended in the past or jobs you've held in the past","People have many different kinds of “friends” on Facebook. Looking at the categories below, please tell us about how many people in your friend list could be described as: - Family members or people you know through your family","People have many different kinds of “friends” on Facebook. Looking at the categories below, please tell us about how many people in your friend list could be described as: - People you know socially","People have many different kinds of “friends” on Facebook. Looking at the categories below, please tell us about how many people in your friend list could be described as: - People you have never met in person","People have many different kinds of “friends” on Facebook. Looking at the categories below, please tell us about how many people in your friend list could be described as: - People in your city/town or immediate locality","People have many different kinds of “friends” on Facebook. Looking at the categories below, please tell us about how many people in your friend list could be described as: - People in other cities or towns","People have many different kinds of “friends” on Facebook. Looking at the categories below, please tell us about how many people in your friend list could be described as: - People who live in other countries",Do you know any of the people in your Facebook network who have the following occupations? - Nurse,Do you know any of the people in your Facebook network who have the following occupations? - Farmer,Do you know any of the people in your Facebook network who have the following occupations? - Lawyer,Do you know any of the people in your Facebook network who have the following occupations? - Middle-School Teacher,Do you know any of the people in your Facebook network who have the following occupations? - Full-Time Babysitter,Do you know any of the people in your Facebook network who have the following occupations? - Janitor,Do you know any of the people in your Facebook network who have the following occupations? - Personnel Manager,Do you know any of the people in your Facebook network who have the following occupations? - Hair Dresser,Do you know any of the people in your Facebook network who have the following occupations? - Bookkeeper,Do you know any of the people in your Facebook network who have the following occupations? - Production Manager,Do you know any of the people in your Facebook network who have the following occupations? - Operator in a Factory,Do you know any of the people in your Facebook network who have the following occupations? - Computer Programmer,Do you know any of the people in your Facebook network who have the following occupations? - Taxi Driver,Do you know any of the people in your Facebook network who have the following occupations? - Professor,Do you know any of the people in your Facebook network who have the following occupations? - Police Officer,Do you know any of the people in your Facebook network who have the following occupations? - Chief Executive Officer of a large company,Do you know any of the people in your Facebook network who have the following occupations? - Writer,Do you know any of the people in your Facebook network who have the following occupations? - Administrative Assistant,Do you know any of the people in your Facebook network who have the following occupations? - Security Guard,Do you know any of the people in your Facebook network who have the following occupations? - Receptionist,Do you know any of the people in your Facebook network who have the following occupations? - Congressperson,Do you know any of the people in your Facebook network who have the following occupations? - Hotel Bell Hop,"Next we'd like you to ask you about the people you see in your Facebook News Feed - the series of status updates and posts from your friends. Please use the scales below to indicate how much you see content in your news feed from the following types of people.
In your news feed, how much content do you see from people who: - Are extremely interested in politics.","Next we'd like you to ask you about the people you see in your Facebook News Feed - the series of status updates and posts from your friends. Please use the scales below to indicate how much you see content in your news feed from the following types of people.
In your news feed, how much content do you see from people who: - Couldn't care less about politics.","Next we'd like you to ask you about the people you see in your Facebook News Feed - the series of status updates and posts from your friends. Please use the scales below to indicate how much you see content in your news feed from the following types of people.
In your news feed, how much content do you see from people who: - Have political opinions that are very similar to mine.","Next we'd like you to ask you about the people you see in your Facebook News Feed - the series of status updates and posts from your friends. Please use the scales below to indicate how much you see content in your news feed from the following types of people.
In your news feed, how much content do you see from people who: - Have political opinions that are very different from mine.","Next we'd like you to ask you about the people you see in your Facebook News Feed - the series of status updates and posts from your friends. Please use the scales below to indicate how much you see content in your news feed from the following types of people.
In your news feed, how much content do you see from people who: - Are liberal.","Next we'd like you to ask you about the people you see in your Facebook News Feed - the series of status updates and posts from your friends. Please use the scales below to indicate how much you see content in your news feed from the following types of people.
In your news feed, how much content do you see from people who: - Are conservative.","Next we'd like you to ask you about the people you see in your Facebook News Feed - the series of status updates and posts from your friends. Please use the scales below to indicate how much you see content in your news feed from the following types of people.
In your news feed, how much content do you see from people who: - Are Democrats.","Next we'd like you to ask you about the people you see in your Facebook News Feed - the series of status updates and posts from your friends. Please use the scales below to indicate how much you see content in your news feed from the following types of people.
In your news feed, how much content do you see from people who: - Are Republicans.","Next we'd like you to ask you about the people you see in your Facebook News Feed - the series of status updates and posts from your friends. Please use the scales below to indicate how much you see content in your news feed from the following types of people.
In your news feed, how much content do you see from people who: - Went to college.","Next we'd like you to ask you about the people you see in your Facebook News Feed - the series of status updates and posts from your friends. Please use the scales below to indicate how much you see content in your news feed from the following types of people.
In your news feed, how much content do you see from people who: - Did not go to college.","Next we'd like you to ask you about the people you see in your Facebook News Feed - the series of status updates and posts from your friends. Please use the scales below to indicate how much you see content in your news feed from the following types of people.
In your news feed, how much content do you see from people who: - Are from the same racial or ethnic group as me.","Next we'd like you to ask you about the people you see in your Facebook News Feed - the series of status updates and posts from your friends. Please use the scales below to indicate how much you see content in your news feed from the following types of people.
In your news feed, how much content do you see from people who: - Are from a different racial or ethnic group as me.","In the last 12 months, how often would you say you got news or public affairs information from Facebook?","In the last 12 months, how often would you say you encounterd news or public affairs information on Facebook that: - Disagrees with your political views","In the last 12 months, how often would you say you encounterd news or public affairs information on Facebook that: - Agrees with your political views","In the last 12 months, how often did you follow a Facebook page or account specifically because you’re interested in what they post about: - News or current affairs","In the last 12 months, how often did you follow a Facebook page or account specifically because you’re interested in what they post about: - Politics","In the last 12 months, how often did you follow a Facebook page or account specifically because you’re interested in what they post about: - Social or community events","In the last 12 months, how often would you say you got news from the following sources? - Online websites for mainstream news (e.g., nytimes.com, foxnews.com, cnn.com)","In the last 12 months, how often would you say you got news from the following sources? - Online-only news websites (e.g., Politico, BuzzFeed, HuffPo, Breitbart News Network)","In the last 12 months, how often would you say you got news from the following sources? - Print versions of newspapers (e.g., USA Today, the New York Times, Wall Street Journal, local daily paper)","In the last 12 months, how often would you say you got news from the following sources? - Broadcasts for television news (e.g., ABC, CBS, NBC, Fox News, CNN, local news)","In the last 12 months, how often would you say you got news from the following sources? - Radio news (e.g., NPR or Rush Limbaugh)","In the last 12 months, how often would you say you got news from the following sources? - News apps (e.g., Apple News, Google News)",How often have you engaged in the following activities when you see a news story online? - Click on the story,How often have you engaged in the following activities when you see a news story online? - Scan the headline of the story,How often have you engaged in the following activities when you see a news story online? - Read or watch the entire story,How often have you engaged in the following activities when you see a news story online? - Seek out additional information about the topic in the story,To what extent do you agree or disagree with the following statements? - I find myself actively trying to avoid the news these days.,To what extent do you agree or disagree with the following statements? - I believe it is my civic duty to stay informed.,To what extent do you agree or disagree with the following statements? - Society will be just fine even if I don’t pay attention to news.,To what extent do you agree or disagree with the following statements? - It takes too much time and effort to keep up with the news.,"To what extent do you agree or disagree with the following statements? - I feel emotionally drained after reading, watching, or listening to the news.",To what extent do you agree or disagree with the following statements? - Most people in my social groups keep up with the news.,To what extent do you agree or disagree with the following statements? - People in my social networks rarely post news.,"In the last 12 months, have you blocked, unfriended, or otherwise changed the settings on your Facebook account to see less of someone for the following reasons? - They post too much political content.","In the last 12 months, have you blocked, unfriended, or otherwise changed the settings on your Facebook account to see less of someone for the following reasons? - They post political content that I disagree with.","In the last 12 months, have you blocked, unfriended, or otherwise changed the settings on your Facebook account to see less of someone for the following reasons? - They post political content that I find offensive, abusive, or harassing.","From time to time, people talk with others about government, elections, politics, or the news. In the last 12 months, how often have you talked about those subjects on Facebook?",About how many people on Facebook have you talked with about politics or the news in the last 12 months?,"In the last 12 months, how often would you say you talked with people on Facebook about politics or the news who: - Disagree with your political views","In the last 12 months, how often would you say you talked with people on Facebook about politics or the news who: - Agree with your political views","Some people like to express their political opinions online, whereas others do not. In the last 12 months, how often have you engaged in the following forms of political expression using online or mobile media? - Post about news, current events, or politics","Some people like to express their political opinions online, whereas others do not. In the last 12 months, how often have you engaged in the following forms of political expression using online or mobile media? - Share others’ posts about news, current events, or politics","Some people like to express their political opinions online, whereas others do not. In the last 12 months, how often have you engaged in the following forms of political expression using online or mobile media? - “Like” others’ posts about news, current events, or politics","Some people like to express their political opinions online, whereas others do not. In the last 12 months, how often have you engaged in the following forms of political expression using online or mobile media? - Comment on others’ posts about news, current events, or politics","Some people like to express their political opinions online, whereas others do not. In the last 12 months, how often have you engaged in the following forms of political expression using online or mobile media? - Post an image to support a political or social cause","Some people like to express their political opinions online, whereas others do not. In the last 12 months, how often have you engaged in the following forms of political expression using online or mobile media? - Use a “hashtag” to support a political or social cause","Some people believe that they can have influence on political and community issues, while others believe that they don't really have much influence. How much do you agree or disagree with the following statements? - I think that I am better informed about politics and government than most people.","Some people believe that they can have influence on political and community issues, while others believe that they don't really have much influence. How much do you agree or disagree with the following statements? - I feel that I have a pretty good under- standing of the important political issues facing our country.","Some people believe that they can have influence on political and community issues, while others believe that they don't really have much influence. How much do you agree or disagree with the following statements? - I don’t think public officials care much what people like me think.","Some people believe that they can have influence on political and community issues, while others believe that they don't really have much influence. How much do you agree or disagree with the following statements? - People like me don't have any say about what the government does.","How interested, if at all, would you say you are in: - News","How interested, if at all, would you say you are in: - Politics","How interested, if at all, would you say you are in: - Local community","Generally speaking, where would you place yourself on the following scale, which ranges from ""Very Liberal"" to ""Very Conservative"" with ""Neither Liberal nor Conservative"" in the middle?","Generally speaking, do you usually think of yourself as a Democrat, a Republican, an independent, or what? - Selected Choice","Generally speaking, do you usually think of yourself as a Democrat, a Republican, an independent, or what? - Other party (please specify:) - Text",How strong would you say your identification with that party is?,"Even though you don't identify with either major party, do you typically think of yourself as closer to the Democratic Party or to the Republican Party?","In this last section of the survey, we'd like to ask you a few factual questions about politics and public affairs. Some people know a lot about these subjects, and other people do not. Please answer the questions to the best of your knowledge. 
Who is currently the Vice President of the United States?",Which major political party currently has a majority in the U.S. House of Representatives?,Which branch of the U.S. government is responsible for determining whether a law is constitutional or not?,Score,opp,RISN,rid,V,cintid,ProjectToken,Q_RelevantIDDuplicate,Q_BallotBoxStuffing,Q_RecaptchaScore,Q_RelevantIDDuplicateScore,Q_RelevantIDFraudScore,Q_TotalDuration,gc,term,score,region,LS
"{""ImportId"":""startDate"",""timeZone"":""America/Denver""}","{""ImportId"":""endDate"",""timeZone"":""America/Denver""}","{""ImportId"":""status""}","{""ImportId"":""progress""}","{""ImportId"":""duration""}","{""ImportId"":""finished""}","{""ImportId"":""recordedDate"",""timeZone"":""America/Denver""}","{""ImportId"":""_recordId""}","{""ImportId"":""distributionChannel""}","{""ImportId"":""userLanguage""}","{""ImportId"":""QID68""}","{""ImportId"":""QID1""}","{""ImportId"":""QID2""}","{""ImportId"":""QID3""}","{""ImportId"":""QID3_6_TEXT""}","{""ImportId"":""QID3_7_TEXT""}","{""ImportId"":""QID4""}","{""ImportId"":""QID5""}","{""ImportId"":""QID69""}","{""ImportId"":""QID62""}","{""ImportId"":""QID63""}","{""ImportId"":""QID6_1""}","{""ImportId"":""QID6_2""}","{""ImportId"":""QID6_3""}","{""ImportId"":""QID6_4""}","{""ImportId"":""QID6_5""}","{""ImportId"":""QID6_6""}","{""ImportId"":""QID6_7""}","{""ImportId"":""QID6_8""}","{""ImportId"":""QID6_9""}","{""ImportId"":""QID6_10""}","{""ImportId"":""QID6_11""}","{""ImportId"":""QID6_12""}","{""ImportId"":""QID6_13""}","{""ImportId"":""QID6_14""}","{""ImportId"":""QID6_15""}","{""ImportId"":""QID6_16""}","{""ImportId"":""QID6_17""}","{""ImportId"":""QID6_18""}","{""ImportId"":""QID6_19""}","{""ImportId"":""QID6_20""}","{""ImportId"":""QID8_1""}","{""ImportId"":""QID8_2""}","{""ImportId"":""QID8_3""}","{""ImportId"":""QID8_4""}","{""ImportId"":""QID8_5""}","{""ImportId"":""QID8_6""}","{""ImportId"":""QID9_1""}","{""ImportId"":""QID10""}","{""ImportId"":""QID11""}","{""ImportId"":""QID64""}","{""ImportId"":""QID12_1""}","{""ImportId"":""QID12_2""}","{""ImportId"":""QID12_3""}","{""ImportId"":""QID12_4""}","{""ImportId"":""QID12_5""}","{""ImportId"":""QID12_6""}","{""ImportId"":""QID12_7""}","{""ImportId"":""QID12_8""}","{""ImportId"":""QID12_9""}","{""ImportId"":""QID12_10""}","{""ImportId"":""QID12_11""}","{""ImportId"":""QID12_12""}","{""ImportId"":""QID12_13""}","{""ImportId"":""QID12_14""}","{""ImportId"":""QID12_15""}","{""ImportId"":""QID12_16""}","{""ImportId"":""QID12_17""}","{""ImportId"":""QID13_1""}","{""ImportId"":""QID13_2""}","{""ImportId"":""QID13_3""}","{""ImportId"":""QID14_TEXT""}","{""ImportId"":""QID15""}","{""ImportId"":""QID15_6_TEXT""}","{""ImportId"":""QID59_1""}","{""ImportId"":""QID59_2""}","{""ImportId"":""QID59_3""}","{""ImportId"":""QID59_4""}","{""ImportId"":""QID59_5""}","{""ImportId"":""QID59_6""}","{""ImportId"":""QID59_7""}","{""ImportId"":""QID16""}","{""ImportId"":""QID17""}","{""ImportId"":""QID18""}","{""ImportId"":""QID19""}","{""ImportId"":""QID20_TEXT""}","{""ImportId"":""QID21""}","{""ImportId"":""QID21_6_TEXT""}","{""ImportId"":""QID60_1""}","{""ImportId"":""QID60_2""}","{""ImportId"":""QID60_3""}","{""ImportId"":""QID60_4""}","{""ImportId"":""QID60_5""}","{""ImportId"":""QID60_6""}","{""ImportId"":""QID60_7""}","{""ImportId"":""QID22""}","{""ImportId"":""QID23""}","{""ImportId"":""QID24""}","{""ImportId"":""QID25""}","{""ImportId"":""QID26_TEXT""}","{""ImportId"":""QID27""}","{""ImportId"":""QID27_6_TEXT""}","{""ImportId"":""QID61_1""}","{""ImportId"":""QID61_2""}","{""ImportId"":""QID61_3""}","{""ImportId"":""QID61_4""}","{""ImportId"":""QID61_5""}","{""ImportId"":""QID61_6""}","{""ImportId"":""QID61_7""}","{""ImportId"":""QID28""}","{""ImportId"":""QID29""}","{""ImportId"":""QID30""}","{""ImportId"":""QID31""}","{""ImportId"":""QID66""}","{""ImportId"":""QID32""}","{""ImportId"":""QID33""}","{""ImportId"":""QID35_1""}","{""ImportId"":""QID35_2""}","{""ImportId"":""QID35_3""}","{""ImportId"":""QID35_4""}","{""ImportId"":""QID35_5""}","{""ImportId"":""QID35_6""}","{""ImportId"":""QID35_7""}","{""ImportId"":""QID35_8""}","{""ImportId"":""QID36_1""}","{""ImportId"":""QID36_2""}","{""ImportId"":""QID36_3""}","{""ImportId"":""QID36_4""}","{""ImportId"":""QID36_5""}","{""ImportId"":""QID36_6""}","{""ImportId"":""QID36_7""}","{""ImportId"":""QID36_8""}","{""ImportId"":""QID36_9""}","{""ImportId"":""QID36_10""}","{""ImportId"":""QID36_11""}","{""ImportId"":""QID36_12""}","{""ImportId"":""QID36_13""}","{""ImportId"":""QID36_14""}","{""ImportId"":""QID36_15""}","{""ImportId"":""QID36_16""}","{""ImportId"":""QID36_17""}","{""ImportId"":""QID36_18""}","{""ImportId"":""QID36_19""}","{""ImportId"":""QID36_20""}","{""ImportId"":""QID36_21""}","{""ImportId"":""QID36_22""}","{""ImportId"":""QID37_1""}","{""ImportId"":""QID37_2""}","{""ImportId"":""QID37_3""}","{""ImportId"":""QID37_4""}","{""ImportId"":""QID37_5""}","{""ImportId"":""QID37_6""}","{""ImportId"":""QID37_7""}","{""ImportId"":""QID37_8""}","{""ImportId"":""QID37_9""}","{""ImportId"":""QID37_10""}","{""ImportId"":""QID37_11""}","{""ImportId"":""QID37_12""}","{""ImportId"":""QID39""}","{""ImportId"":""QID41_1""}","{""ImportId"":""QID41_2""}","{""ImportId"":""QID42_1""}","{""ImportId"":""QID42_2""}","{""ImportId"":""QID42_3""}","{""ImportId"":""QID40_1""}","{""ImportId"":""QID40_2""}","{""ImportId"":""QID40_3""}","{""ImportId"":""QID40_4""}","{""ImportId"":""QID40_5""}","{""ImportId"":""QID40_6""}","{""ImportId"":""QID43_1""}","{""ImportId"":""QID43_2""}","{""ImportId"":""QID43_3""}","{""ImportId"":""QID43_4""}","{""ImportId"":""QID44_1""}","{""ImportId"":""QID44_2""}","{""ImportId"":""QID44_3""}","{""ImportId"":""QID44_4""}","{""ImportId"":""QID44_5""}","{""ImportId"":""QID44_6""}","{""ImportId"":""QID44_7""}","{""ImportId"":""QID45_1""}","{""ImportId"":""QID45_2""}","{""ImportId"":""QID45_3""}","{""ImportId"":""QID46""}","{""ImportId"":""QID47""}","{""ImportId"":""QID48_1""}","{""ImportId"":""QID48_2""}","{""ImportId"":""QID49_1""}","{""ImportId"":""QID49_2""}","{""ImportId"":""QID49_3""}","{""ImportId"":""QID49_4""}","{""ImportId"":""QID49_5""}","{""ImportId"":""QID49_6""}","{""ImportId"":""QID50_1""}","{""ImportId"":""QID50_2""}","{""ImportId"":""QID50_3""}","{""ImportId"":""QID50_4""}","{""ImportId"":""QID51_1""}","{""ImportId"":""QID51_2""}","{""ImportId"":""QID51_3""}","{""ImportId"":""QID52""}","{""ImportId"":""QID53""}","{""ImportId"":""QID53_4_TEXT""}","{""ImportId"":""QID54""}","{""ImportId"":""QID55""}","{""ImportId"":""QID56""}","{""ImportId"":""QID57""}","{""ImportId"":""QID58""}","{""ImportId"":""SC_74jBTD8o93O9MDs""}","{""ImportId"":""opp""}","{""ImportId"":""RISN""}","{""ImportId"":""rid""}","{""ImportId"":""V""}","{""ImportId"":""cintid""}","{""ImportId"":""ProjectToken""}","{""ImportId"":""Q_RelevantIDDuplicate""}","{""ImportId"":""Q_BallotBoxStuffing""}","{""ImportId"":""Q_RecaptchaScore""}","{""ImportId"":""Q_RelevantIDDuplicateScore""}","{""ImportId"":""Q_RelevantIDFraudScore""}","{""ImportId"":""Q_TotalDuration""}","{""ImportId"":""gc""}","{""ImportId"":""term""}","{""ImportId"":""score""}","{""ImportId"":""region""}","{""ImportId"":""LS""}"
2021-04-30 07:29:32,2021-04-30 07:33:09,1,100,217,1,2021-04-30 07:33:10,R_2Xoiq6sJodYUhlL,preview,EN,1,5,1,3,,,4,5,4,2,,,,,,,,,,,,,,,,,,,,,,2,2,2,2,2,2,5,2,1,3,2,2,2,2,2,2,2,2,2,2,2,2,2,2,2,2,2,2,2,2,,,,,,,,,,,,,,,,,,,,,,,,,,,,,,,,,,,,,,,,,,,2,,,,,,,,,,,,,,,,,,,,,,,,,,,,,,,,,,,,,,,,,,,,,,,,,,,2,2,2,2,2,2,2,2,2,2,2,2,2,2,2,2,2,,,,,,,,2,2,2,2,2,2,2,2,2,2,2,2,2,2,1,,1,,4,1,2,3,Qual1827-0626Rep,,,,,,,,,,,217,1,,3,south,{Invalid Expression}
2021-04-30 07:43:26,2021-04-30 07:45:34,0,100,128,1,2021-04-30 07:45:35,R_1kHVtI16LwbmbKU,anonymous,EN,1,3,1,2,,,4,1,2,2,,,,,,,,,,,,,,,,,,,,,,1,1,1,1,1,1,4,1,4,3,2,2,2,2,2,2,2,2,2,2,2,2,2,2,2,2,3,2,2,2,,,,,,,,,,,,,,,,,,,,,,,,,,,,,,,,,,,,,,,,,,,2,,,,,,,,,,,,,,,,,,,,,,,,,,,,,,,,,,,,,,,,,,,,,,,,,,,2,2,2,2,2,2,2,2,2,2,1,1,1,1,1,2,2,,,,,,,,1,1,1,1,1,1,2,2,2,1,2,2,2,5,1,,1,,2,1,2,4,Qual1827-0626Rep,11103951,608c094a-69ea-bf04-4b0c-28988774cb98,,,,,,,,,128,1,,4,west,295
2021-04-30 07:51:39,2021-04-30 08:08:59,0,100,1039,1,2021-04-30 08:08:59,R_befsjmVO3bdTiff,anonymous,EN,1,51,2,5,,,7,3,24,1,5,3,3,3,3,3,3,3,3,2,3,4,3,3,1,2,3,3,4,1,3,3,3,3,3,3,3,5,4,2,3,4,4,4,4,1,4,3,3,4,4,3,3,4,2,2,4,4,2,2,4,C.Z,2,,1,2,2,2,1,1,2,5,3,2,2,J.S,1,,1,1,1,1,1,1,1,5,4,3,2,none,6,none,1,1,1,1,1,1,1,3,3,3,4,2,6,1,1,1,4,2,5,3,5,2,1,2,2,2,2,2,2,2,2,2,2,2,2,2,2,2,2,2,2,2,2,2,2,3,3,3,3,3,3,3,3,3,4,3,2,2,2,1,1,1,1,1,1,1,1,1,2,2,2,1,1,5,5,1,3,3,4,1,1,1,3,4,2,4,3,3,3,2,3,1,4,4,3,3,5,5,2,3,1,,1,,4,1,2,2,Qual1827-0626Rep,11120900,608c0b78-0cbc-85c7-805f-012145a27490,,,,,,,,,1039,1,,2,midwest,168
2021-04-30 08:11:18,2021-04-30 08:15:37,0,100,258,1,2021-04-30 08:15:37,R_2VykTSHcAU9TAsE,anonymous,EN,1,42,2,5,,,3,4,17,2,,,,,,,,,,,,,,,,,,,,,,3,3,3,2,3,3,4,3,2,3,4,4,4,3,2,3,1,1,3,2,3,2,3,1,1,3,4,2,2,3,,,,,,,,,,,,,,,,,,,,,,,,,,,,,,,,,,,,,,,,,,,2,,,,,,,,,,,,,,,,,,,,,,,,,,,,,,,,,,,,,,,,,,,,,,,,,,,1,1,1,1,1,1,1,1,1,1,3,4,3,3,4,3,3,,,,,,,,1,1,1,1,1,1,4,3,4,3,4,4,4,6,2,,2,,1,1,2,2,Qual1827-0626Rep,11120900,608c0fdb-6b3d-f857-a88f-b76f79263c2b,,,,,,,,,258,1,,2,midwest,168
2021-04-30 08:11:51,2021-04-30 08:20:36,0,100,524,1,2021-04-30 08:20:37,R_3oLLt6lCWHjlqz8,anonymous,EN,1,41,2,5,,,5,2,1,1,1,3,4,3,3,4,2,3,4,2,3,2,4,4,4,2,3,2,2,4,2,3,3,3,3,3,2,4,4,3,3,4,3,3,4,3,4,3,3,3,5,4,4,3,3,3,3,3,3,3,3,none,4,,2,1,2,1,2,1,2,3,4,3,2,no one else,4,,1,1,1,1,1,1,1,3,5,3,3,do not know,4,,1,1,1,1,1,1,1,3,5,3,1,2,4,2,2,4,4,4,1,2,2,2,1,1,1,1,2,2,2,1,1,2,2,2,2,2,2,2,2,2,2,2,2,2,1,1,1,1,1,1,1,1,1,1,4,2,1,1,1,2,2,2,1,1,1,4,1,1,1,1,1,1,2,3,3,3,3,3,3,1,1,1,1,1,1,1,2,2,1,1,1,1,3,3,3,3,1,1,1,9,2,,1,,4,3,4,3,Qual1827-0626Rep,11120900,608c102d-f6a3-9c56-11d9-ca22e9bb29db,,,,,,,,,524,1,,3,south,168
2021-04-30 08:18:18,2021-04-30 08:21:29,0,100,191,1,2021-04-30 08:21:30,R_233kmDUXUKy5EqE,anonymous,EN,1,14,1,5,,,3,3,21,2,,,,,,,,,,,,,,,,,,,,,,1,2,2,1,1,1,6,3,3,3,3,4,4,2,3,5,5,4,2,1,3,5,4,3,2,1,5,3,2,4,,,,,,,,,,,,,,,,,,,,,,,,,,,,,,,,,,,,,,,,,,,2,,,,,,,,,,,,,,,,,,,,,,,,,,,,,,,,,,,,,,,,,,,,,,,,,,,2,1,1,1,1,1,2,2,2,1,3,3,4,4,3,2,3,,,,,,,,1,1,1,1,1,1,3,4,2,1,3,2,2,9,2,,1,,4,3,4,3,Qual1827-0626Rep,11120900,608c1171-0b23-dff3-3998-f2f0fc274f76,,,,,,,,,191,1,,3,south,168
2021-04-30 08:17:25,2021-04-30 08:22:18,0,100,292,1,2021-04-30 08:22:19,R_3lKYztC8RhMvY7z,anonymous,EN,1,42,2,5,,,1,1,19,2,,,,,,,,,,,,,,,,,,,,,,3,3,3,3,3,3,5,4,3,3,3,3,3,3,3,3,3,3,3,3,3,3,3,3,3,3,3,3,3,3,,,,,,,,,,,,,,,,,,,,,,,,,,,,,,,,,,,,,,,,,,,2,,,,,,,,,,,,,,,,,,,,,,,,,,,,,,,,,,,,,,,,,,,,,,,,,,,1,1,1,5,1,1,1,1,1,1,3,3,3,3,3,3,3,,,,,,,,1,2,1,1,1,1,3,4,3,3,3,1,1,8,4,Don't vote,,3,1,3,4,3,Qual1827-0626Rep,11120900,608c1185-2823-a6ac-1bc8-ea0b3478f749,,,,,,,,,292,1,,3,south,168
2021-04-30 08:08:22,2021-04-30 08:22:29,0,100,846,1,2021-04-30 08:22:29,R_2ROqzSQQRZCo7rE,anonymous,EN,1,56,2,5,,,5,5,6,1,1,1,2,5,1,1,4,3,3,3,3,4,1,5,1,4,1,3,5,1,4,1,4,5,2,2,1,1,4,4,3,4,1,2,3,3,4,1,2,3,4,3,3,3,3,3,3,4,4,4,2,sh,1,,1,1,1,1,1,1,1,4,2,1,4,lj,1,,1,1,1,1,1,1,1,5,4,3,2,sh,1,,1,1,1,1,1,1,1,4,2,1,5,2,3,1,1,1,3,2,1,2,2,1,1,2,1,1,2,2,2,2,2,2,2,2,2,2,1,1,2,1,2,2,2,2,2,4,3,2,3,3,3,3,3,3,3,3,1,1,1,1,1,1,1,1,1,4,1,1,2,2,3,2,3,4,4,2,3,5,3,1,1,1,1,1,1,1,1,1,1,1,1,1,3,3,4,2,4,3,4,3,3,,,1,4,2,2,4,Qual1827-0626Rep,11120900,608c0f54-6925-b554-03f9-11a42559d605,,,,,,,,,846,1,,4,west,168
2021-04-30 08:18:16,2021-04-30 08:24:11,0,100,355,1,2021-04-30 08:24:12,R_2eOIlLu1XUlwUlJ,anonymous,EN,1,59,1,5,,,5,6,1,2,,,,,,,,,,,,,,,,,,,,,,3,3,5,2,3,3,5,3,2,3,5,2,5,1,2,4,1,1,2,3,3,3,3,3,2,4,4,5,5,1,,,,,,,,,,,,,,,,,,,,,,,,,,,,,,,,,,,,,,,,,,,2,,,,,,,,,,,,,,,,,,,,,,,,,,,,,,,,,,,,,,,,,,,,,,,,,,,4,2,5,3,2,4,4,4,5,3,4,5,4,1,4,3,3,,,,,,,,1,1,1,1,1,1,5,5,4,4,5,5,4,9,2,,1,,4,1,2,3,Qual1827-0626Rep,11120900,608c1170-46a6-0f25-5425-f75b3a19ecce,,,,,,,,,355,1,,3,south,168
2021-04-30 08:20:52,2021-04-30 08:25:26,0,100,274,1,2021-04-30 08:25:26,R_3g6qzShD5GZ7sZ2,anonymous,EN,1,5,1,5,,,2,4,45,1,4,4,2,4,3,3,3,3,3,3,3,3,3,3,3,2,4,3,2,3,4,4,3,3,2,1,3,5,1,2,3,3,3,1,2,1,4,4,2,2,3,3,3,3,2,1,2,2,4,3,2,"Facebook ",1,,3,2,2,1,1,2,2,1,1,1,3,"Donald Trump ",1,,2,2,2,2,2,2,1,3,2,2,3,"Joe Biden ",1,,2,2,1,2,3,2,1,1,1,1,3,2,4,5,4,2,1,3,3,3,3,2,2,1,2,1,1,2,1,1,1,2,2,1,1,2,1,1,1,2,2,1,1,1,4,4,3,2,3,3,3,3,3,2,3,3,2,3,3,3,3,3,3,2,2,3,3,3,3,3,2,3,3,2,1,2,2,1,3,2,1,1,3,2,2,2,3,3,2,3,3,3,3,2,3,3,4,3,3,11,2,,1,,2,2,2,3,Qual1827-0626Rep,11120900,608c1208-f22f-6924-1d53-34d851e87910,,,,,,,,,274,1,,3,south,168
2021-04-30 08:14:26,2021-04-30 08:26:50,0,100,744,1,2021-04-30 08:26:51,R_2TvfQhGt1QRGl8D,anonymous,EN,1,55,2,5,,,5,5,5,1,2,5,5,1,5,4,1,1,5,1,3,1,5,1,4,1,5,1,5,3,1,4,5,5,4,5,4,6,3,2,3,5,1,1,1,1,3,1,1,2,5,5,5,5,4,1,5,3,5,5,1,Randy,2,,3,3,3,1,3,1,3,1,1,1,7,Linda,2,,3,3,3,1,3,1,3,1,1,1,5,Thomas,4,,1,1,1,1,1,1,1,5,4,3,1,2,3,2,4,4,2,2,2,3,3,1,1,2,1,1,2,2,2,1,2,2,2,1,2,1,2,2,1,1,2,2,2,2,3,2,3,3,4,3,4,3,3,3,5,2,1,5,1,3,3,4,4,1,1,1,4,1,4,4,4,1,5,5,5,2,5,5,1,1,1,1,1,1,1,1,1,1,5,5,1,1,2,5,5,5,2,5,5,11,2,,1,,4,1,2,4,Qual1827-0626Rep,11120900,608c10cf-d27c-ced2-8fb5-ef4ed61dd838,,,,,,,,,744,1,,4,west,168
2021-04-30 08:21:33,2021-04-30 08:26:57,0,100,323,1,2021-04-30 08:26:58,R_29uhL0OtRIMVF6Y,anonymous,EN,1,46,2,5,,,5,3,22,2,,,,,,,,,,,,,,,,,,,,,,3,3,4,1,4,3,3,3,2,3,4,4,4,4,1,4,1,1,3,3,4,4,4,3,3,4,4,2,4,2,,,,,,,,,,,,,,,,,,,,,,,,,,,,,,,,,,,,,,,,,,,2,,,,,,,,,,,,,,,,,,,,,,,,,,,,,,,,,,,,,,,,,,,,,,,,,,,3,2,3,5,2,4,4,4,4,4,1,5,1,2,2,4,1,,,,,,,,1,1,1,1,1,1,5,5,2,2,4,4,4,6,1,,1,,4,1,2,1,Qual1827-0626Rep,11120900,608c124e-14d2-2003-df94-f9c6f678a015,,,,,,,,,323,1,,1,northeast,168
2021-04-30 08:24:27,2021-04-30 08:27:04,0,100,156,1,2021-04-30 08:27:04,R_2P69d2i2JI8Gk2N,anonymous,EN,1,2,1,6,Many,,1,8,21,2,,,,,,,,,,,,,,,,,,,,,,3,4,4,4,4,2,4,3,3,3,3,3,3,3,3,4,4,4,3,4,5,3,3,2,3,3,3,3,3,2,,,,,,,,,,,,,,,,,,,,,,,,,,,,,,,,,,,,,,,,,,,2,,,,,,,,,,,,,,,,,,,,,,,,,,,,,,,,,,,,,,,,,,,,,,,,,,,4,4,3,3,3,4,2,3,3,3,3,4,3,3,4,4,3,,,,,,,,3,4,3,3,3,3,4,1,4,3,1,4,3,7,3,,,2,4,1,2,3,Qual1827-0626Rep,11120900,608c1329-e3b3-5025-d9fa-2b09d64286bc,,,,,,,,,156,1,,3,south,168
2021-04-30 08:14:58,2021-04-30 08:28:24,0,100,806,1,2021-04-30 08:28:25,R_2uIBmShDdqtw4dJ,anonymous,EN,1,48,2,5,,,2,2,3,1,2,5,3,1,5,3,1,1,5,1,3,1,1,1,5,1,5,1,5,5,1,1,1,1,4,4,3,5,3,2,3,5,4,4,3,3,3,3,3,3,5,5,5,3,3,3,3,3,3,5,2,no one,2,,2,2,2,1,2,2,2,1,1,1,3,no,1,,2,2,2,1,2,2,2,1,1,1,1,no,1,,2,2,2,1,2,2,2,1,1,1,1,2,2,3,1,1,3,3,1,1,1,1,2,2,2,2,2,2,2,2,2,2,2,2,2,2,2,2,2,2,2,2,2,2,1,1,1,1,1,1,1,1,1,1,1,1,1,1,1,1,1,1,1,1,1,4,1,1,1,1,1,1,4,4,4,2,3,3,3,2,2,2,1,1,1,1,1,1,1,1,1,1,3,5,5,3,3,3,3,11,2,,1,,4,1,3,4,Qual1827-0626Rep,11120900,608c10b7-13b7-6305-2e19-ba3439e2ab80,,,,,,,,,806,1,,4,west,168
2021-04-30 08:26:42,2021-04-30 08:28:29,0,100,106,1,2021-04-30 08:28:29,R_2Swcu1GFVKVtAUs,anonymous,EN,1,26,1,5,,,2,1,36,2,,,,,,,,,,,,,,,,,,,,,,3,3,3,3,3,3,4,1,1,3,3,3,3,3,3,3,3,3,3,3,3,3,3,3,3,3,3,3,3,3,,,,,,,,,,,,,,,,,,,,,,,,,,,,,,,,,,,,,,,,,,,2,,,,,,,,,,,,,,,,,,,,,,,,,,,,,,,,,,,,,,,,,,,,,,,,,,,3,3,3,3,3,3,3,3,3,3,3,3,3,3,3,3,3,,,,,,,,3,3,3,3,3,3,3,3,3,3,3,3,3,1,1,,1,,1,1,1,2,Qual1827-0626Rep,11120900,608c13b0-40b1-f983-fda5-76b364158933,,,,,,,,,106,1,,2,midwest,168
2021-04-30 08:17:20,2021-04-30 08:28:35,0,100,674,1,2021-04-30 08:28:35,R_3flchbo6nBGA3At,anonymous,EN,1,50,2,5,,,2,2,23,1,2,2,1,3,3,3,3,2,3,3,4,2,4,2,1,1,4,4,3,4,3,1,1,2,2,1,1,7,3,2,3,5,2,3,3,2,4,1,1,4,5,4,5,4,3,3,5,5,3,5,2,zz,4,,1,1,1,1,1,1,1,3,3,3,2,none,6,,1,1,1,1,1,1,1,3,3,3,2,none,6,,1,1,1,1,1,1,1,3,3,3,2,2,2,1,5,1,5,2,2,1,1,1,2,2,2,2,2,2,2,2,2,2,2,2,2,2,2,2,2,2,2,2,2,2,1,1,1,1,1,1,1,1,1,1,1,1,1,1,1,1,1,1,1,1,1,3,5,1,1,1,1,1,5,4,3,2,5,4,5,2,2,2,1,1,1,1,1,1,1,1,1,1,3,4,3,4,4,4,3,9,3,,,2,4,1,2,2,Qual1827-0626Rep,11120900,608c1160-b45b-190f-62a1-93cff086572c,,,,,,,,,674,1,,2,midwest,168
2021-04-30 08:17:51,2021-04-30 08:30:09,0,100,737,1,2021-04-30 08:30:09,R_reiowFlfMMGpEad,anonymous,EN,1,59,2,5,,,2,5,45,1,2,4,4,3,4,4,2,2,4,2,4,2,4,2,4,2,4,2,4,4,2,3,3,2,3,3,3,1,3,3,3,4,2,2,2,2,2,2,2,4,4,4,5,4,4,4,4,3,4,4,2,DA,2,,2,2,2,2,2,1,1,2,4,2,3,TW,1,,2,2,2,2,2,1,1,3,4,3,1,GB,1,,2,2,2,2,3,1,3,3,4,3,1,2,4,2,3,3,2,2,1,3,3,1,1,1,1,2,2,2,1,2,2,1,2,1,2,2,2,1,2,1,2,1,2,2,3,2,3,2,2,4,2,4,3,2,4,3,2,2,2,3,3,3,4,1,4,4,4,1,4,4,4,3,2,4,2,2,2,4,2,1,1,1,2,3,2,2,1,1,2,1,1,1,3,4,4,4,4,4,4,9,2,,1,,4,1,2,3,Qual1827-0626Rep,11120900,608c1160-9aec-3419-924a-3f9722fd0546,,,,,,,,,737,1,,3,south,168
2021-04-30 08:19:48,2021-04-30 08:30:17,0,100,629,1,2021-04-30 08:30:18,R_1jjiWKEL324stHq,anonymous,EN,1,41,2,5,,,5,4,44,1,2,1,5,1,3,4,1,1,5,1,4,1,4,1,3,3,5,1,1,4,1,4,4,4,4,4,4,7,3,2,3,5,5,4,5,3,5,3,3,4,5,5,4,4,5,5,5,5,3,4,5,No One,6,No person,1,1,1,1,1,1,1,3,5,3,1,None,6,None,1,1,1,1,1,1,1,3,5,3,1,Nobody,6,Nobody,1,1,1,1,1,1,1,3,5,3,1,2,3,1,2,2,2,2,1,2,2,1,2,2,2,2,2,2,2,2,2,2,2,2,2,2,2,2,2,2,2,2,2,2,1,1,1,1,1,1,1,1,1,1,1,1,1,1,1,1,1,1,1,1,1,4,1,1,2,4,4,2,1,5,1,1,1,1,5,2,2,2,1,1,1,1,1,1,1,1,1,1,4,4,1,1,4,3,3,6,1,,1,,4,1,2,3,Qual1827-0626Rep,11120900,608c1210-0f80-4e59-60e3-9f765690d88a,,,,,,,,,629,1,,3,south,168
2021-04-30 08:16:36,2021-04-30 08:30:22,0,100,825,1,2021-04-30 08:30:22,R_vc8dxT25tfSrY8F,anonymous,EN,1,52,1,5,,,3,3,39,1,1,2,3,4,1,1,4,4,2,4,2,2,2,2,2,2,2,4,4,2,3,2,2,3,2,2,2,1,4,4,3,4,3,3,4,1,3,2,2,3,4,3,3,3,2,2,3,4,1,1,5,A.B.,4,,1,2,1,2,1,1,1,4,4,3,3,Not sure,6,,1,2,1,1,1,1,1,4,4,3,2,J.b.,4,,1,2,1,1,1,1,1,5,4,3,1,2,2,2,2,1,1,2,2,1,2,1,2,2,2,2,2,2,2,2,2,2,2,2,2,2,2,2,2,2,2,2,2,2,2,1,2,3,3,3,3,1,2,2,3,3,1,3,2,1,1,1,2,2,1,2,1,1,1,2,1,2,4,4,3,4,5,4,2,2,1,1,3,2,4,3,1,1,1,1,1,1,3,4,4,4,3,2,2,8,1,,1,,4,1,2,1,Qual1827-0626Rep,11120900,608c1154-7662-602a-0001-d397d2c581c1,,,,,,,,,825,1,,1,northeast,168
2021-04-30 08:23:59,2021-04-30 08:30:24,0,100,385,1,2021-04-30 08:30:25,R_z8zyZ9NkjKkvR1n,anonymous,EN,1,27,1,3,,,5,2,34,2,,,,,,,,,,,,,,,,,,,,,,1,1,1,1,1,5,1,5,5,3,1,1,1,1,1,1,1,1,1,1,1,1,1,1,1,1,1,5,5,1,,,,,,,,,,,,,,,,,,,,,,,,,,,,,,,,,,,,,,,,,,,2,,,,,,,,,,,,,,,,,,,,,,,,,,,,,,,,,,,,,,,,,,,,,,,,,,,5,1,1,4,1,1,5,5,4,3,1,5,4,1,1,3,3,,,,,,,,5,1,1,1,5,1,5,5,3,1,5,5,1,11,2,,1,,4,1,2,3,Qual1827-0626Rep,11120900,608c130b-cf36-8996-54ef-4ef99f6010ff,,,,,,,,,385,1,,3,south,168
2021-04-30 08:26:15,2021-04-30 08:30:27,0,100,251,1,2021-04-30 08:30:27,R_T00vPXBTX67jEad,anonymous,EN,1,47,1,5,,,5,4,48,2,,,,,,,,,,,,,,,,,,,,,,3,3,3,2,3,1,3,2,3,3,4,4,4,4,4,4,3,3,4,4,4,1,4,2,3,3,4,2,3,3,,,,,,,,,,,,,,,,,,,,,,,,,,,,,,,,,,,,,,,,,,,2,,,,,,,,,,,,,,,,,,,,,,,,,,,,,,,,,,,,,,,,,,,,,,,,,,,5,5,1,1,1,5,5,5,5,5,1,5,3,1,3,3,3,,,,,,,,1,1,1,1,1,1,4,4,3,2,5,5,3,1,1,,1,,4,1,2,3,Qual1827-0626Rep,11120900,608c137d-fd62-df0e-d9a1-833952594b14,,,,,,,,,251,1,,3,south,168
2021-04-30 08:18:48,2021-04-30 08:32:12,0,100,804,1,2021-04-30 08:32:12,R_3EEewMAyHTQEmwC,anonymous,EN,1,49,2,5,,,4,3,33,1,3,4,5,1,4,4,1,1,3,1,4,3,4,2,4,4,5,1,2,4,1,4,4,3,4,4,3,1,4,3,3,4,1,1,1,2,1,2,1,1,4,4,3,3,2,1,3,1,5,5,1,BB,2,,2,2,2,2,2,1,2,2,3,2,3,Rl,2,,2,2,2,2,2,2,2,1,1,1,7,JW,4,,1,2,2,1,2,1,2,4,3,2,2,2,3,2,4,4,4,3,2,3,4,2,1,1,1,1,2,2,2,1,2,2,1,1,2,2,1,2,1,1,1,2,1,2,3,3,4,2,2,4,2,4,4,3,4,4,2,3,3,3,3,4,4,3,1,4,1,1,2,4,4,4,3,5,3,1,3,4,2,2,1,1,3,3,3,3,3,4,4,4,3,2,4,5,5,5,5,5,5,9,3,,,2,4,1,2,1,Qual1827-0626Rep,11120900,608c118a-8a37-0b38-36c7-351287b2029f,,,,,,,,,804,1,,1,northeast,168
2021-04-30 08:23:41,2021-04-30 08:32:34,0,100,532,1,2021-04-30 08:32:34,R_1H76zZ7xKvqXnjv,anonymous,EN,1,62,2,5,,,2,2,23,2,,,,,,,,,,,,,,,,,,,,,,2,2,1,1,2,1,4,3,4,3,4,2,1,1,1,4,1,1,3,5,5,5,3,3,3,4,2,4,5,1,,,,,,,,,,,,,,,,,,,,,,,,,,,,,,,,,,,,,,,,,,,2,,,,,,,,,,,,,,,,,,,,,,,,,,,,,,,,,,,,,,,,,,,,,,,,,,,1,1,1,4,2,1,1,1,1,1,1,4,5,1,3,3,5,,,,,,,,1,1,1,1,1,1,3,3,3,3,3,3,3,11,2,,1,,4,1,4,2,Qual1827-0626Rep,11120900,608c12b6-db7e-3d88-8030-15f7cb8f8c9f,,,,,,,,,532,1,,2,midwest,168
2021-04-30 08:16:42,2021-04-30 08:32:42,0,100,960,1,2021-04-30 08:32:42,R_2anxYSOCI2WKqva,anonymous,EN,1,52,2,5,,,4,2,,1,2,4,4,2,4,4,2,2,4,2,4,2,4,2,4,4,4,2,2,4,4,2,2,2,2,2,2,2,5,4,3,4,2,2,1,2,2,2,2,1,4,4,4,4,4,4,2,2,5,5,1,Vic,1,,2,2,2,2,2,2,2,1,2,1,6,williams,4,,2,2,2,2,2,2,2,1,1,1,5,k,4,,2,2,2,2,3,3,3,1,1,1,5,2,2,2,2,2,3,3,1,1,2,1,1,2,2,2,2,2,1,2,2,2,2,1,2,2,1,2,2,2,2,2,2,2,4,2,4,3,3,3,3,3,3,3,3,3,5,5,5,5,5,5,5,4,3,4,4,4,4,4,3,2,2,4,4,2,4,4,2,2,2,2,4,4,4,4,2,2,3,2,1,1,4,4,4,4,5,5,3,11,2,,1,,4,1,2,,Qual1827-0626Rep,11120900,608c1140-f9c4-ade3-1ba1-6d23f545740f,,,,,,,,,960,1,,0,,168
2021-04-30 08:27:07,2021-04-30 08:33:14,0,100,367,1,2021-04-30 08:33:15,R_3qvyWYTbCCsGsly,anonymous,EN,1,34,2,3,,,3,3,45,2,,,,,,,,,,,,,,,,,,,,,,4,4,4,1,4,4,2,3,3,3,4,2,2,1,2,1,1,1,2,4,3,2,3,3,2,3,3,3,5,2,,,,,,,,,,,,,,,,,,,,,,,,,,,,,,,,,,,,,,,,,,,2,,,,,,,,,,,,,,,,,,,,,,,,,,,,,,,,,,,,,,,,,,,,,,,,,,,3,2,1,2,1,4,4,5,4,4,3,4,3,3,2,1,3,,,,,,,,1,1,1,1,1,1,4,4,5,3,4,4,3,6,3,,,3,4,1,2,3,Qual1827-0626Rep,11120900,608c13ca-3f4a-5069-3b83-d951c5e4187f,,,,,,,,,367,1,,3,south,168
2021-04-30 08:22:05,2021-04-30 08:33:27,0,100,681,1,2021-04-30 08:33:27,R_3IRlBQ3pcPyN4Iy,anonymous,EN,1,25,1,5,,,7,7,49,1,5,4,4,3,4,4,3,4,3,4,3,4,4,3,4,3,3,4,2,2,3,3,3,4,3,4,5,7,2,1,3,4,3,4,4,3,4,3,4,4,3,4,4,4,3,3,3,4,4,3,4,yes,1,,3,2,3,2,3,2,3,1,4,2,7,my friend,2,,3,2,2,3,2,2,3,1,2,2,7,my friend,1,,3,2,2,3,3,3,2,1,2,2,5,2,5,3,5,4,4,4,3,4,4,5,1,2,1,2,2,1,1,2,2,1,1,1,2,2,2,2,1,1,2,2,1,1,5,4,4,5,4,3,5,1,3,3,4,3,5,3,4,4,4,5,5,4,4,5,4,4,5,4,3,4,5,4,4,5,4,5,4,1,1,2,2,3,4,3,5,4,4,3,4,3,4,3,4,3,4,4,5,11,1,,1,,1,1,2,4,Qual1827-0626Rep,11120900,608c1270-5737-784c-6dac-92eedc225e86,,,,,,,,,681,1,,4,west,168
2021-04-30 08:26:49,2021-04-30 08:33:56,0,100,426,1,2021-04-30 08:33:56,R_2sbcibpOKuAWeqV,anonymous,EN,1,54,2,5,,,2,4,36,2,,,,,,,,,,,,,,,,,,,,,,5,5,5,3,4,3,5,3,2,3,5,2,3,1,4,3,3,3,4,5,5,5,5,2,1,4,2,5,5,2,,,,,,,,,,,,,,,,,,,,,,,,,,,,,,,,,,,,,,,,,,,2,,,,,,,,,,,,,,,,,,,,,,,,,,,,,,,,,,,,,,,,,,,,,,,,,,,1,1,1,2,4,1,2,4,3,4,4,3,4,3,3,3,4,,,,,,,,1,1,1,1,1,1,3,4,4,4,2,2,3,11,2,,1,,1,1,1,2,Qual1827-0626Rep,11120900,608c13b8-8f17-40a7-87d0-414e40db5fc9,,,,,,,,,426,1,,2,midwest,168
2021-04-30 08:15:10,2021-04-30 08:35:35,0,100,1224,1,2021-04-30 08:35:35,R_1H5EyzJQeqTa4sV,anonymous,EN,1,54,1,5,,,5,6,10,1,6,4,4,4,4,4,2,2,4,2,4,4,4,2,4,2,4,2,4,4,2,4,4,4,4,4,4,6,3,4,3,4,4,4,3,3,3,3,3,3,3,3,3,3,3,3,3,3,4,4,2,GF,2,,2,2,2,2,2,2,2,3,3,2,4,DD,1,,2,2,2,2,2,2,2,2,3,2,6,MS,4,,2,2,2,2,1,1,2,4,4,4,1,2,7,3,2,2,2,2,2,2,2,2,2,2,1,1,1,1,1,1,1,2,1,1,1,1,2,1,1,1,2,1,2,2,3,3,3,3,3,3,3,3,3,3,3,3,2,3,3,3,3,3,3,3,3,3,3,3,3,3,3,3,3,3,2,2,2,4,3,2,2,2,4,3,3,3,4,4,4,4,4,4,4,4,4,4,4,4,4,11,2,,1,,4,1,3,3,Qual1827-0626Rep,11120900,608c10c2-8f4f-31a9-f2f7-6e75277621bb,,,,,,,,,1224,1,,3,south,168
2021-04-30 08:26:15,2021-04-30 08:35:39,0,100,563,1,2021-04-30 08:35:40,R_2fa1In92txb8SxA,anonymous,EN,1,53,1,5,,,3,3,34,1,2,1,2,2,2,2,4,4,4,4,4,4,4,4,4,4,4,5,4,4,4,2,2,3,2,3,3,1,4,4,3,4,4,4,5,4,4,4,3,4,4,4,4,4,4,5,4,5,2,1,5,Jms,2,,2,2,2,2,2,2,2,5,5,5,2,Ema,1,,2,2,2,2,2,2,2,2,2,3,2,Jms,2,,2,2,2,2,3,2,3,1,1,1,1,2,2,3,2,2,2,3,2,1,1,2,2,2,2,2,2,2,2,2,2,2,2,2,2,2,2,2,2,2,2,2,2,2,5,1,3,4,3,1,5,3,3,3,3,3,2,2,3,3,4,3,1,1,1,5,2,1,2,2,3,3,3,5,3,2,2,4,4,2,2,2,2,2,3,3,4,2,3,3,3,3,4,4,4,4,4,4,4,6,1,,1,,1,1,2,3,Qual1827-0626Rep,11120900,608c1395-0ce6-05ee-212e-cfc90840f00e,,,,,,,,,563,1,,3,south,168
2021-04-30 08:26:50,2021-04-30 08:36:18,0,100,568,1,2021-04-30 08:36:19,R_2TuXPzFB0MAsqfI,anonymous,EN,1,4,1,2,,,3,2,14,1,6,3,3,3,3,3,3,3,3,3,3,3,3,3,3,3,3,3,3,3,3,3,3,3,3,3,3,4,3,3,3,3,3,3,3,3,3,3,3,3,3,3,3,3,3,3,3,3,3,3,3,"None ",2,,1,1,2,2,2,2,2,3,3,3,5,"None ",2,,2,2,2,2,2,2,2,3,3,3,5,"None ",2,,2,2,2,2,2,2,2,3,3,3,5,2,2,2,3,3,3,3,3,3,3,3,2,2,2,2,2,2,2,2,2,2,2,2,2,2,2,2,2,2,2,2,2,2,3,3,3,3,3,3,3,3,3,3,3,3,3,3,3,3,3,3,3,3,3,3,3,3,3,3,3,3,3,3,3,3,3,3,3,2,2,2,3,3,3,3,3,3,3,3,3,3,3,3,3,3,3,3,3,6,1,,2,,1,1,4,2,Qual1827-0626Rep,11120900,608c1380-608d-d6ed-93a1-52ac0f14b157,,,,,,,,,568,1,,2,midwest,168
2021-04-30 08:18:04,2021-04-30 08:36:26,0,100,1101,1,2021-04-30 08:36:26,R_1eOWsZaC0DJhfVV,anonymous,EN,1,62,1,6,black and white,,7,4,36,1,1,3,4,2,3,4,3,2,4,2,3,3,4,3,4,3,4,2,2,2,3,2,2,3,2,3,2,,2,2,3,5,3,3,3,2,4,2,2,4,5,5,4,3,3,3,4,4,3,4,3,none,6,,1,1,1,1,1,1,1,3,3,3,1,nobody,6,,1,1,1,1,1,1,1,3,5,3,1,noone,6,,1,1,1,1,1,1,1,3,5,3,1,2,4,1,1,5,3,2,2,1,5,2,2,2,2,2,2,2,1,2,2,2,2,2,2,2,2,2,2,2,2,2,2,2,1,3,4,2,4,2,3,2,3,3,2,5,1,1,1,1,1,1,2,1,2,5,1,1,1,3,2,1,1,3,3,2,2,3,4,2,2,2,2,1,1,1,1,1,1,1,3,1,3,4,3,2,4,4,4,2,3,,,1,4,1,2,2,Qual1827-0626Rep,11120900,608c11aa-b599-c90e-862b-d70cd098b2f0,,,,,,,,,1101,1,,2,midwest,168
2021-04-30 08:25:10,2021-04-30 08:36:29,0,100,679,1,2021-04-30 08:36:30,R_3KDwglFBaiHgW6k,anonymous,EN,1,57,2,5,,,2,2,36,1,1,3,4,2,2,2,2,2,3,2,3,2,3,2,2,2,3,2,2,2,3,4,3,3,3,4,1,7,4,2,3,4,3,4,2,2,3,2,2,3,5,5,3,3,3,3,3,4,3,4,3,none,6,no one,1,1,1,1,1,1,1,3,5,5,1,no one,6,no one,1,1,1,1,1,1,1,3,5,5,1,nobody,6,no one,1,1,1,1,1,1,1,5,5,5,1,2,2,2,1,1,2,1,5,1,5,1,2,2,2,2,2,2,2,2,2,2,2,2,2,2,2,2,2,2,2,2,2,2,1,1,1,1,1,1,1,1,1,1,1,1,1,1,1,1,1,1,1,1,1,2,2,1,1,1,1,1,5,3,4,3,3,3,3,2,2,2,1,1,1,1,1,1,2,1,1,1,1,3,4,2,1,1,2,6,1,,1,,4,3,2,2,Qual1827-0626Rep,11120900,608c12fe-458b-ee23-48a0-cbc892118fd2,,,,,,,,,679,1,,2,midwest,168
2021-04-30 08:28:26,2021-04-30 08:36:50,0,100,503,1,2021-04-30 08:36:50,R_qIQA9iFREHMTfbz,anonymous,EN,1,23,1,2,,,2,2,11,1,3,4,5,4,4,4,3,5,3,4,4,3,4,3,3,3,3,4,3,4,4,3,4,3,4,3,4,5,3,3,3,4,3,3,4,3,4,3,3,3,5,4,3,3,4,3,3,4,3,4,3,2,3,,2,2,2,1,2,3,3,2,3,2,2,2,3,,2,2,3,2,2,3,2,4,4,2,3,2,2,,2,3,2,2,3,2,1,3,2,4,3,2,2,7,3,2,2,4,2,4,4,4,1,2,1,2,2,1,1,1,2,1,2,1,2,1,2,1,2,2,2,1,1,2,2,3,2,4,3,4,3,3,5,3,2,3,4,5,4,4,3,4,4,3,4,3,3,3,4,5,3,4,4,4,3,5,3,5,4,1,2,2,3,4,4,4,4,4,4,3,4,3,3,1,4,4,3,4,4,9,1,,1,,1,1,2,3,Qual1827-0626Rep,11120900,608c13de-53e3-c2ef-e26f-6ed20354ddd2,,,,,,,,,503,1,,3,south,168
2021-04-30 08:12:40,2021-04-30 08:37:03,0,100,1463,1,2021-04-30 08:37:04,R_3qsagcTbEKgPAQg,anonymous,EN,1,39,2,5,,,3,2,15,1,6,5,5,3,5,5,1,1,1,1,5,1,5,1,5,1,5,1,5,3,1,1,3,3,3,3,1,7,1,2,3,5,3,3,2,1,5,4,1,4,5,5,5,5,3,3,1,3,3,3,4,Tim,2,,3,3,3,2,3,1,3,1,3,1,1,Doug,2,,2,2,2,2,2,1,2,1,1,1,1,Gina,2,,3,3,3,3,2,1,3,4,2,1,1,2,4,1,1,2,2,2,2,4,4,2,1,2,1,1,1,2,2,2,2,2,1,1,2,2,1,2,1,2,2,2,2,2,2,5,5,2,2,5,2,5,2,5,5,3,1,1,1,1,1,5,1,1,1,4,1,1,4,4,4,4,5,4,5,1,5,5,5,2,2,2,2,2,1,2,2,2,2,5,5,5,3,5,4,4,3,3,5,11,2,,1,,4,1,3,2,Qual1827-0626Rep,11120900,608c1066-d6ce-b7a7-111b-3c780a5970a6,,,,,,,,,1463,1,,2,midwest,168
2021-04-30 08:19:34,2021-04-30 08:37:14,0,100,1060,1,2021-04-30 08:37:15,R_cApEPd32kQtFXTH,anonymous,EN,1,53,1,2,,,3,7,,1,3,3,3,3,4,3,3,4,5,4,3,3,4,4,5,4,4,4,4,4,3,4,4,5,3,5,5,,3,3,3,4,3,4,5,4,4,4,4,3,5,4,4,5,3,3,4,4,3,3,3,"Agree ",2,,2,2,2,2,2,3,2,3,3,3,4,"Family ",1,,2,2,2,2,2,2,2,2,2,3,6,"Friend ",2,,2,2,2,2,3,3,2,3,3,3,6,2,7,3,3,3,3,4,4,4,4,3,2,2,2,2,2,2,2,2,2,2,2,2,2,2,2,2,2,2,2,2,2,2,3,4,3,4,3,4,4,3,3,3,4,3,4,4,4,4,3,2,4,5,4,4,4,4,4,3,5,4,4,3,3,3,3,3,3,2,2,2,3,3,3,4,3,4,4,4,4,4,4,4,3,4,4,3,3,11,1,,1,,1,1,2,,Qual1827-0626Rep,11120900,608c11fa-2b91-423e-0a90-acd6ab4932c8,,,,,,,,,1060,1,,0,,168
2021-04-30 08:24:52,2021-04-30 08:37:32,0,100,759,1,2021-04-30 08:37:33,R_29oWwvnL43q0mvp,anonymous,EN,1,54,2,5,,,7,2,5,1,1,3,3,3,4,4,4,3,4,4,4,3,4,3,3,2,5,4,3,3,3,3,3,3,3,3,3,4,3,3,3,3,4,3,4,4,4,3,3,2,4,3,3,3,4,4,3,4,3,3,3,None,3,,3,3,3,2,3,3,2,3,3,3,1,Nobody,4,,2,2,2,3,2,2,2,3,3,4,1,Noone,4,,2,2,2,2,2,2,2,3,3,3,1,2,2,1,3,3,3,3,2,3,3,2,2,2,2,2,2,2,2,2,2,2,2,2,2,2,2,2,2,2,2,2,2,2,3,4,3,3,4,4,3,3,3,4,3,3,2,4,3,4,4,4,3,3,2,2,1,1,2,1,2,2,4,3,2,3,3,3,2,1,1,1,2,2,2,2,3,3,3,3,3,3,3,2,2,3,3,3,2,11,2,,1,,1,1,3,4,Qual1827-0626Rep,11120900,608c1308-0a06-253f-716b-a09d46ac39bf,,,,,,,,,759,1,,4,west,168
2021-04-30 08:27:22,2021-04-30 08:37:37,0,100,614,1,2021-04-30 08:37:37,R_A7JQCpOSSwtOJ45,anonymous,EN,1,53,2,3,,,2,2,45,2,,,,,,,,,,,,,,,,,,,,,,5,5,1,1,5,3,1,5,4,3,5,2,2,2,2,2,2,2,4,5,5,5,3,3,3,4,4,3,5,4,,,,,,,,,,,,,,,,,,,,,,,,,,,,,,,,,,,,,,,,,,,2,,,,,,,,,,,,,,,,,,,,,,,,,,,,,,,,,,,,,,,,,,,,,,,,,,,1,1,2,4,3,1,5,5,5,5,3,5,3,1,5,5,3,,,,,,,,1,1,1,1,1,1,3,3,5,3,4,1,3,6,1,,1,,4,2,2,3,Qual1827-0626Rep,11120900,608c1391-b694-d227-ee73-a9cafbfd3ea1,,,,,,,,,614,1,,3,south,168
2021-04-30 08:23:16,2021-04-30 08:38:00,0,100,884,1,2021-04-30 08:38:01,R_2TRXoCSRMQjRjI5,anonymous,EN,1,54,1,5,,,4,6,41,1,3,3,3,3,3,3,3,3,3,3,3,3,3,3,3,3,3,3,3,3,3,3,3,2,2,3,1,4,4,4,3,4,1,2,1,2,3,2,2,2,4,3,3,3,2,2,4,3,5,5,1,JS,4,,2,2,2,2,2,2,2,2,3,2,1,None,6,,1,1,1,1,1,1,1,3,5,3,1,?,6,,1,1,1,1,1,1,1,3,5,3,1,2,2,2,1,5,2,1,2,2,2,1,1,2,2,2,2,2,2,2,2,2,2,2,2,2,1,2,2,2,1,2,2,2,3,3,3,2,2,4,1,4,3,3,5,2,2,2,2,3,3,3,5,1,1,4,2,1,3,4,3,3,3,3,4,4,4,3,3,1,1,1,2,2,2,3,3,3,4,3,1,1,3,4,5,5,3,2,3,9,3,,,2,4,1,2,1,Qual1827-0626Rep,11120900,608c12e4-0779-9e74-5e1c-ae23fdc70c80,,,,,,,,,884,1,,1,northeast,168
2021-04-30 08:26:28,2021-04-30 08:39:29,0,100,781,1,2021-04-30 08:39:29,R_rpcAwVeszjUlujD,anonymous,EN,1,4,2,2,,,3,8,10,1,4,5,5,4,5,5,3,5,5,5,5,5,1,1,3,5,4,3,4,4,4,4,5,3,3,4,5,7,3,4,3,3,2,2,1,1,1,2,2,3,4,4,4,4,3,4,1,4,5,4,4,OL BC,2,,2,2,3,2,1,2,2,1,1,2,5,FL,3,,3,3,3,1,1,1,2,2,2,2,3,S h,4,,2,1,2,3,2,1,1,3,3,3,2,2,5,4,4,5,5,5,3,2,3,4,1,1,1,1,1,2,2,1,1,2,2,1,1,1,2,2,2,1,2,1,1,1,5,5,5,4,5,4,4,4,4,4,3,5,4,3,4,4,4,4,3,4,4,5,4,4,3,5,5,4,5,4,5,5,5,5,5,1,1,1,5,4,4,5,5,4,5,5,5,4,5,5,5,3,4,5,5,1,1,,1,,1,1,1,3,Qual1827-0626Rep,11120900,608c135a-c470-c86c-fee3-1e85b5ef65b0,,,,,,,,,781,1,,3,south,168
2021-04-30 08:28:09,2021-04-30 08:39:32,0,100,682,1,2021-04-30 08:39:33,R_2CrjrUXAps1EVIj,anonymous,EN,1,25,2,5,,,1,1,34,1,4,4,4,4,3,4,3,3,4,2,4,2,4,4,4,2,4,3,3,2,2,4,4,3,3,3,3,3,5,3,3,4,4,4,4,4,4,3,3,3,4,4,3,4,3,3,3,3,3,4,3,Fg,2,,2,2,2,2,3,2,2,3,4,3,5,Tr,2,,2,2,2,2,2,2,3,2,3,2,5,No one,4,,2,2,2,2,1,2,2,1,2,2,7,2,7,7,5,4,4,4,3,5,5,5,1,1,1,1,1,1,1,1,1,1,2,2,1,1,1,1,1,1,1,1,2,2,2,2,1,1,1,1,1,1,1,1,1,1,4,1,1,2,1,2,3,1,1,2,2,2,2,2,2,2,4,4,4,4,3,3,3,1,2,1,2,1,1,1,2,2,2,2,2,2,4,3,4,4,2,1,2,6,3,,,3,1,2,4,3,Qual1827-0626Rep,11120900,608c13a1-c4c8-df1d-5c48-f2dbae83b753,,,,,,,,,682,1,,3,south,168
2021-04-30 08:22:59,2021-04-30 08:42:10,0,100,1150,1,2021-04-30 08:42:10,R_sMeXNWMnH4BFVrX,anonymous,EN,1,58,2,5,,,3,2,28,1,2,1,1,5,1,3,4,4,4,3,3,4,4,4,3,4,4,3,3,1,3,4,2,2,3,4,2,1,5,5,3,5,2,1,2,2,2,3,3,2,1,1,5,3,3,3,4,4,4,5,1,None,6,All people on Facebook,1,1,1,1,1,1,1,3,5,3,1,None,6,Do not see political posts,1,1,1,1,1,1,1,3,5,3,1,No one,6,Do not know of anyone,1,1,1,1,1,1,1,3,5,3,1,2,2,2,1,2,1,2,2,1,1,1,2,2,2,2,2,2,2,2,2,2,2,2,2,2,2,2,2,2,2,2,2,2,1,4,4,4,4,4,4,4,3,3,4,2,1,2,2,1,1,1,1,1,1,1,1,1,2,2,2,1,3,5,4,1,1,1,5,2,2,2,1,1,1,1,1,1,1,1,1,1,3,3,4,4,5,5,1,11,2,,2,,4,3,2,2,Qual1827-0626Rep,11120900,608c12ce-b8c2-6a2e-586b-c6a906b7c3eb,,,,,,,,,1150,1,,2,midwest,168
2021-04-30 08:19:35,2021-04-30 08:42:31,0,100,1375,1,2021-04-30 08:42:32,R_2EhNYuz3iUFXJTm,anonymous,EN,1,57,2,5,,,1,4,15,1,4,5,5,4,5,3,1,3,3,1,1,3,4,2,3,2,1,1,1,3,1,5,3,3,3,3,3,4,3,3,3,4,4,4,4,4,4,2,2,4,4,4,4,4,3,3,4,4,3,3,3,"MG,,SM",5,,2,3,3,2,2,1,2,3,3,2,5,GR,1,,2,2,2,2,1,1,1,4,4,3,5,MM,1,,2,2,1,1,1,1,1,4,4,2,3,2,3,2,3,4,5,3,2,3,2,1,1,1,2,1,1,2,2,1,2,2,2,2,2,2,2,2,2,2,2,2,2,2,3,3,3,2,2,3,4,3,3,1,1,4,1,2,2,2,2,2,2,3,3,4,3,3,2,2,2,2,5,4,4,4,5,3,2,1,2,1,1,1,1,1,1,1,1,1,1,1,1,1,1,1,3,3,3,6,1,,1,,1,1,4,2,Qual1827-0626Rep,11120900,608c11c0-ec4a-7402-99b9-e596dcda7d05,,,,,,,,,1375,1,,2,midwest,168
2021-04-30 08:29:18,2021-04-30 08:42:40,0,100,801,1,2021-04-30 08:42:40,R_21vMzKFinVN0Az1,anonymous,EN,1,48,2,5,,,3,5,5,1,2,3,5,1,4,5,1,1,5,1,5,1,5,1,5,1,5,1,4,4,1,5,4,4,4,4,4,5,3,2,3,5,3,4,4,1,4,1,2,4,5,5,3,4,4,4,4,5,2,3,4,sandy,2,,3,3,3,2,3,2,3,1,1,1,7,brian,1,,3,3,3,2,3,2,3,1,1,1,7,none,6,none,2,2,2,2,2,2,2,2,3,2,3,2,3,1,2,2,5,2,1,2,5,2,1,1,2,2,2,2,2,1,1,2,2,2,2,2,1,2,2,1,2,1,2,2,4,3,5,5,4,4,5,4,5,4,5,5,2,4,4,1,1,1,2,1,2,5,1,5,5,4,5,3,1,5,3,1,4,5,1,1,1,1,4,3,4,4,3,3,4,4,3,1,3,5,4,5,5,4,5,1,1,,1,,4,1,2,4,Qual1827-0626Rep,11120900,608c1433-5230-6ab9-b2b1-cd5fc8e41c49,,,,,,,,,801,1,,4,west,168
2021-04-30 08:33:22,2021-04-30 08:43:11,0,100,589,1,2021-04-30 08:43:12,R_2OMtDK3kerK1hZJ,anonymous,EN,1,21,2,5,,,2,3,23,1,3,3,3,3,3,3,3,3,3,3,3,3,3,3,3,3,3,3,3,3,3,3,2,2,4,3,2,5,2,1,3,3,3,3,3,4,2,3,4,3,4,4,3,3,3,4,3,3,2,3,4,Idk,2,,2,2,2,2,2,2,2,3,3,3,3,Odk,5,,2,1,2,2,2,2,2,3,3,3,5,Kdkk,2,,3,2,3,3,2,3,3,2,3,3,4,2,4,3,3,3,3,4,3,3,3,3,1,2,2,2,2,2,2,2,2,2,2,2,2,2,2,2,2,2,2,2,2,2,2,2,2,4,2,2,2,3,2,2,4,3,3,2,2,3,3,3,2,3,2,3,5,3,2,4,3,2,3,3,3,3,3,3,3,1,1,1,3,2,3,3,2,3,4,3,4,2,2,3,3,3,3,3,3,4,2,,1,,2,2,1,2,Qual1827-0626Rep,11120900,608c1503-ee9f-0c60-10fe-4b6044e1d4c3,,,,,,,,,589,1,,2,midwest,168
2021-04-30 08:21:13,2021-04-30 08:43:12,0,100,1319,1,2021-04-30 08:43:13,R_3n8idEyexf1kujz,anonymous,EN,1,45,2,5,,,3,5,45,1,2,4,5,4,4,4,3,2,5,2,3,3,4,2,4,2,4,1,3,5,1,5,3,3,3,4,3,5,3,4,3,5,2,4,1,1,4,3,3,3,5,5,4,4,3,4,5,4,4,5,2,BB,3,,2,2,2,3,3,2,2,2,2,1,6,BH,2,,3,3,3,3,2,2,2,2,1,1,5,DM,3,,2,2,3,2,3,2,3,3,2,2,3,2,4,2,3,3,4,3,3,2,4,2,1,1,1,2,2,2,2,1,2,2,2,2,2,2,1,2,1,1,1,2,2,2,4,3,4,3,3,3,3,3,4,3,3,3,3,4,4,3,3,3,3,1,2,4,2,3,4,3,3,3,4,4,5,2,3,4,2,1,2,1,3,2,2,3,3,3,3,2,1,1,4,4,4,4,4,4,5,7,2,,2,,4,1,2,3,Qual1827-0626Rep,11120900,608c1225-c277-1343-5eae-6d0da3238a34,,,,,,,,,1319,1,,3,south,168
2021-04-30 08:34:41,2021-04-30 08:43:44,0,100,542,1,2021-04-30 08:43:45,R_5AWanhisMHT34yJ,anonymous,EN,1,13,2,5,,,2,4,26,1,3,2,2,3,2,2,4,4,2,3,3,4,4,2,2,4,3,2,2,2,3,3,3,1,2,2,2,1,5,4,3,4,1,2,1,2,2,1,1,1,4,4,3,3,1,1,3,1,5,5,1,no,6,nope,2,2,2,2,2,2,2,2,2,2,4,nope,5,,2,2,2,2,2,2,2,3,3,3,1,wth,2,,1,1,1,2,3,2,3,3,2,1,2,2,4,3,2,2,2,2,2,2,2,2,2,1,2,1,2,2,1,1,1,1,1,1,2,2,1,2,2,1,2,1,2,2,4,3,4,4,2,5,2,5,3,3,3,3,5,5,5,5,5,5,3,1,2,1,4,1,3,3,3,3,5,5,1,1,5,4,1,1,1,1,5,5,3,3,4,4,4,4,4,1,4,4,5,4,5,5,5,11,2,,1,,4,1,3,2,Qual1827-0626Rep,11120900,608c1590-6fc5-5b76-9333-37160f0b16de,,,,,,,,,542,1,,2,midwest,168
2021-04-30 08:37:30,2021-04-30 08:44:04,0,100,394,1,2021-04-30 08:44:04,R_2S3uksaOw4zGTA1,anonymous,EN,1,48,2,5,,,4,3,3,2,,,,,,,,,,,,,,,,,,,,,,3,3,3,1,3,3,4,3,2,3,5,3,3,4,4,4,1,1,4,5,5,5,4,3,4,3,5,1,4,2,,,,,,,,,,,,,,,,,,,,,,,,,,,,,,,,,,,,,,,,,,,2,,,,,,,,,,,,,,,,,,,,,,,,,,,,,,,,,,,,,,,,,,,,,,,,,,,3,1,1,4,1,4,4,4,3,2,1,1,4,2,2,1,1,,,,,,,,1,1,1,1,1,1,2,2,4,5,4,4,4,2,1,,1,,1,1,2,4,Qual1827-0626Rep,11120900,608c162b-68ed-042a-913b-314970973e3b,,,,,,,,,394,1,,4,west,168
2021-04-30 08:38:09,2021-04-30 08:44:43,0,100,394,1,2021-04-30 08:44:44,R_2ahN1DJV3ejUomn,anonymous,EN,1,50,2,5,,,5,2,27,2,,,,,,,,,,,,,,,,,,,,,,2,3,3,2,3,1,2,4,4,3,4,3,4,4,2,4,1,1,4,3,3,3,4,2,2,3,4,1,3,4,,,,,,,,,,,,,,,,,,,,,,,,,,,,,,,,,,,,,,,,,,,2,,,,,,,,,,,,,,,,,,,,,,,,,,,,,,,,,,,,,,,,,,,,,,,,,,,5,5,2,4,1,3,4,5,4,4,2,5,3,1,3,4,3,,,,,,,,1,1,1,1,1,1,3,4,4,2,4,4,4,3,1,,1,,4,1,2,4,Qual1827-0626Rep,11120900,608c1646-e3fe-67a2-a41c-639d384c13e4,,,,,,,,,394,1,,4,west,168
2021-04-30 08:24:31,2021-04-30 08:45:10,0,100,1239,1,2021-04-30 08:45:11,R_pATzPIHsrQPHgl3,anonymous,EN,1,51,2,5,,,4,5,30,1,5,1,4,2,2,4,1,1,4,1,4,2,4,2,4,1,5,2,4,4,2,3,3,3,3,4,1,5,3,2,3,5,2,3,4,2,4,1,2,4,4,4,3,4,1,1,4,5,2,3,4,Rc,1,,2,2,2,1,1,1,1,5,3,1,6,Ja,1,,2,2,1,1,1,1,1,4,1,1,7,Bc,2,,1,2,1,1,1,1,1,5,3,2,5,2,4,1,2,2,5,4,1,1,1,1,1,1,1,2,2,2,1,1,2,2,2,2,2,2,1,2,2,1,1,1,2,2,3,3,2,3,3,3,3,3,4,2,5,3,1,2,2,3,1,2,1,1,1,4,1,1,1,1,1,1,2,4,5,1,3,4,4,1,1,1,1,1,1,1,1,1,1,1,1,1,3,4,4,4,5,4,2,6,3,,,3,4,1,2,1,Qual1827-0626Rep,11120900,608c12e3-9e1e-fcc8-4a19-a3e5f0c072aa,,,,,,,,,1239,1,,1,northeast,168
2021-04-30 08:38:10,2021-04-30 08:45:30,0,100,440,1,2021-04-30 08:45:31,R_1OWfIiDfJoa1X2k,anonymous,EN,1,18,2,5,,,7,4,1,1,2,4,4,3,4,2,2,2,4,2,4,2,4,4,4,4,2,2,2,2,5,3,3,3,2,2,3,5,4,2,3,5,4,4,1,4,4,2,2,2,5,5,4,4,4,2,4,4,4,5,1,BL,3,,1,2,1,1,1,1,1,5,3,2,2,NO,4,,1,2,1,1,1,1,1,4,4,2,2,PT,2,,1,1,1,1,1,1,1,4,4,3,3,2,6,7,3,3,2,3,2,2,2,2,1,1,2,1,2,1,1,1,1,1,1,2,2,1,2,2,1,1,2,1,2,2,3,4,3,3,3,4,3,4,3,3,3,3,1,3,2,2,2,2,1,1,1,1,3,1,1,2,1,1,2,4,4,4,4,2,3,2,2,2,1,1,2,1,1,1,3,1,1,1,4,4,4,5,3,5,2,11,2,,2,,4,1,2,3,Qual1827-0626Rep,11120900,608c1662-48d4-13b8-8169-7d0dc8628717,,,,,,,,,440,1,,3,south,168
2021-04-30 08:34:15,2021-04-30 08:45:38,0,100,683,1,2021-04-30 08:45:38,R_3PtyIYxIKIfDPO2,anonymous,EN,1,16,2,2,,,2,1,11,1,1,4,4,4,4,4,4,4,4,4,4,4,4,4,4,4,4,4,4,4,4,2,2,3,3,3,3,4,3,3,3,4,4,4,4,4,4,4,4,4,4,4,4,4,4,4,4,4,4,4,4,"None ",1,,3,3,2,2,2,3,3,2,2,2,3,"None ",1,,2,2,2,1,3,3,2,2,2,2,2,"None ",1,,1,1,1,1,1,1,1,2,2,2,2,2,6,4,1,1,1,1,2,1,1,3,2,2,2,2,2,2,2,2,2,2,2,2,2,2,2,2,2,2,2,2,2,2,3,3,3,3,3,3,3,3,4,4,4,4,3,3,4,3,3,2,3,3,3,1,1,1,1,1,1,1,4,4,4,4,4,4,4,2,2,1,3,1,1,1,2,1,1,3,3,3,4,4,4,4,3,3,3,6,1,,1,,1,1,4,3,Qual1827-0626Rep,11120900,608c153b-4522-8b19-3d11-ae99acfe7dc3,,,,,,,,,683,1,,3,south,168
2021-04-30 08:23:59,2021-04-30 08:45:51,0,100,1312,1,2021-04-30 08:45:52,R_2azUZ3i8iSZ5OUJ,anonymous,EN,1,45,2,5,,,5,6,48,1,2,4,4,2,3,3,2,2,4,2,3,2,3,3,3,2,4,3,3,3,2,4,3,3,3,3,3,3,4,4,3,4,1,3,1,1,1,2,2,3,5,5,5,4,1,1,4,2,5,5,1,JS,2,,3,1,2,2,3,2,2,1,3,1,4,none,1,,1,1,1,1,1,1,1,5,4,2,1,MC,4,,3,1,1,2,2,2,2,1,3,2,2,2,4,1,2,2,3,4,2,3,3,3,1,1,2,1,1,1,2,1,1,1,1,1,2,1,1,1,1,1,1,1,1,2,4,2,4,2,2,4,2,4,3,3,3,3,2,2,3,1,1,1,1,1,1,4,3,1,2,2,2,2,3,5,4,4,4,4,2,2,2,2,3,3,2,4,2,3,4,3,3,1,2,3,5,4,4,4,4,11,2,,1,,1,1,2,3,Qual1827-0626Rep,11120900,608c130d-9501-1026-22cc-67467b40e878,,,,,,,,,1312,1,,3,south,168
2021-04-30 08:39:35,2021-04-30 08:46:01,0,100,386,1,2021-04-30 08:46:02,R_41nIBLNwr63Q3jX,anonymous,EN,1,51,1,5,,,5,5,36,2,,,,,,,,,,,,,,,,,,,,,,4,4,2,2,4,1,3,4,4,3,5,1,3,1,1,2,1,1,1,5,4,4,4,4,1,4,2,5,5,1,,,,,,,,,,,,,,,,,,,,,,,,,,,,,,,,,,,,,,,,,,,2,,,,,,,,,,,,,,,,,,,,,,,,,,,,,,,,,,,,,,,,,,,,,,,,,,,1,1,1,3,1,1,3,4,2,1,4,5,3,2,4,4,3,,,,,,,,1,1,1,1,1,1,4,5,5,5,4,4,4,11,3,,,2,4,1,2,2,Qual1827-0626Rep,11120900,608c167d-25bc-4121-98e2-27fb23806867,,,,,,,,,386,1,,2,midwest,168
2021-04-30 08:29:07,2021-04-30 08:46:08,0,100,1021,1,2021-04-30 08:46:09,R_8HTeFbX9I4lIRb3,anonymous,EN,1,53,2,5,,,2,2,45,1,2,3,3,3,3,3,4,3,2,3,4,3,4,3,3,3,4,4,3,3,3,2,2,2,2,2,1,5,3,2,3,4,4,4,4,1,4,2,3,3,5,5,3,4,4,4,3,5,2,4,4,None,4,,2,2,2,3,2,2,2,3,3,2,2,Friend,2,,2,2,2,2,2,2,2,3,4,2,4,No one,4,,2,2,2,2,2,2,2,4,4,2,4,2,3,1,1,1,2,1,4,1,2,1,2,2,2,2,2,2,2,1,2,2,2,1,2,2,2,2,2,2,2,2,2,2,4,1,3,2,3,3,3,3,3,3,3,3,1,2,2,2,3,1,1,2,1,4,1,1,3,4,2,4,2,4,3,1,3,3,3,1,1,1,3,2,2,3,4,4,4,4,4,1,4,4,3,3,4,4,4,6,3,,,3,4,1,2,3,Qual1827-0626Rep,11120900,608c143a-0f7c-932e-a66b-1fe3ac6a9f4f,,,,,,,,,1021,1,,3,south,168
2021-04-30 08:35:41,2021-04-30 08:46:13,0,100,631,1,2021-04-30 08:46:13,R_sdjU2T20D0tlD7X,anonymous,EN,1,43,2,5,,,4,2,23,1,2,1,1,4,1,3,2,3,4,2,5,2,4,2,3,4,3,5,4,4,3,4,3,2,1,2,1,7,3,3,3,5,2,4,4,2,5,3,4,5,5,5,3,4,4,5,5,5,4,5,2,Mg,1,,1,1,1,1,1,1,1,5,5,4,4,Nobody,5,,2,2,1,1,2,1,1,2,5,2,2,Gp,2,,2,2,2,1,2,1,1,1,2,1,5,2,2,3,1,1,2,2,1,1,1,1,2,2,2,2,2,2,2,2,2,2,2,2,2,2,2,2,2,2,2,2,2,2,2,5,3,1,4,1,5,1,4,1,4,1,2,3,4,2,2,3,1,1,1,2,1,3,3,4,3,2,5,2,5,4,5,4,2,1,1,1,1,1,1,1,1,1,1,1,1,1,2,1,5,4,1,1,2,1,1,,1,,4,1,2,2,Qual1827-0626Rep,11120900,608c15c8-e19e-49d3-ea72-5205a85b0bea,,,,,,,,,631,1,,2,midwest,168
2021-04-30 08:37:24,2021-04-30 08:46:15,0,100,531,1,2021-04-30 08:46:15,R_2338AE744Gy6ury,anonymous,EN,1,70,2,5,,,4,3,6,2,,,,,,,,,,,,,,,,,,,,,,4,4,4,2,5,1,1,4,3,3,4,2,2,4,1,4,1,1,2,5,4,2,2,1,2,4,4,1,3,4,,,,,,,,,,,,,,,,,,,,,,,,,,,,,,,,,,,,,,,,,,,2,,,,,,,,,,,,,,,,,,,,,,,,,,,,,,,,,,,,,,,,,,,,,,,,,,,5,2,5,5,3,1,5,5,5,4,1,5,4,1,3,5,1,,,,,,,,1,3,1,5,1,1,5,5,3,3,5,5,5,6,1,,1,,4,1,3,4,Qual1827-0626Rep,11120900,608c1604-839b-1063-1981-8300c402c7bc,,,,,,,,,531,1,,4,west,168
2021-04-30 08:35:15,2021-04-30 08:46:43,0,100,687,1,2021-04-30 08:46:43,R_Zt3qu3mRDLG1zAR,anonymous,EN,1,44,2,5,,,2,1,11,1,3,2,4,2,4,4,1,2,4,1,4,2,4,2,2,2,4,2,2,4,2,3,4,4,2,3,3,3,4,4,3,5,4,4,4,4,4,4,4,4,5,5,5,4,4,4,4,4,4,4,4,Horace,1,,2,2,2,1,2,1,1,2,1,1,7,Patrick,1,,2,2,2,1,2,1,1,2,1,1,7,Steve,2,,2,2,2,1,2,1,1,2,2,1,6,2,4,2,1,4,5,4,1,3,2,1,2,2,2,2,2,2,2,1,2,2,2,2,2,2,2,2,2,2,2,2,2,2,2,3,3,3,3,3,3,3,2,3,4,3,2,2,2,1,1,1,2,1,1,3,1,3,3,1,2,1,4,4,4,4,4,4,2,2,2,2,1,1,1,1,1,1,1,1,1,1,2,2,4,4,3,1,3,11,2,,1,,4,1,4,3,Qual1827-0626Rep,11120900,608c1563-866d-b8a1-ec23-031543e84911,,,,,,,,,687,1,,3,south,168
2021-04-30 08:26:47,2021-04-30 08:47:01,0,100,1214,1,2021-04-30 08:47:02,R_u83qSdHhHn6ZDoJ,anonymous,EN,1,65,2,5,,,5,4,3,1,2,5,3,2,4,2,2,2,4,1,4,1,4,2,4,1,4,1,5,3,1,5,4,5,3,5,2,6,3,2,3,5,1,2,1,3,4,3,2,1,5,5,4,2,1,1,5,2,5,5,1,DR,1,,3,3,2,2,2,1,1,1,1,1,7,PM,5,,2,2,2,1,1,1,1,2,3,1,1,NS,4,,1,2,2,1,1,1,1,3,4,3,1,2,2,2,2,2,4,4,1,3,1,1,2,2,2,2,2,2,2,2,2,2,2,2,2,2,2,2,2,2,2,2,2,2,4,2,3,2,3,4,2,4,3,3,3,2,2,2,3,4,2,4,4,4,1,4,1,3,2,3,2,2,1,4,3,2,2,4,3,2,2,2,2,2,2,3,2,2,3,3,2,1,4,5,2,1,5,3,5,9,3,,,2,4,3,2,4,Qual1827-0626Rep,11120900,608c13b4-5344-863b-aa2c-c228c5fc2531,,,,,,,,,1214,1,,4,west,168
2021-04-30 08:25:13,2021-04-30 08:47:40,0,100,1346,1,2021-04-30 08:47:41,R_zTHkbantbqgZZux,anonymous,EN,1,44,2,2,,,1,2,25,1,6,4,3,3,3,3,2,1,3,1,3,2,5,2,3,2,5,1,1,3,1,3,3,3,3,3,2,6,3,3,3,3,3,3,3,3,3,3,4,4,5,4,3,3,3,3,3,3,3,3,3,HR,2,,3,3,3,3,3,3,3,1,2,1,5,ME,2,,3,3,3,3,3,3,3,3,2,1,5,HY,4,,2,2,2,3,2,3,3,3,3,3,4,2,5,1,4,4,4,4,3,4,4,3,1,2,2,1,1,2,1,1,2,1,1,1,2,1,2,2,1,1,2,1,2,2,3,4,3,3,3,3,3,3,4,4,3,4,4,2,2,4,3,3,1,1,1,1,1,2,2,3,2,3,5,3,3,3,4,5,1,2,2,2,2,1,2,2,2,1,2,2,2,1,1,3,3,3,1,1,1,6,2,,2,,4,1,2,3,Qual1827-0626Rep,11120900,608c12fe-bd5b-c578-30f0-cd39e324740b,,,,,,,,,1346,1,,3,south,168
2021-04-30 08:38:56,2021-04-30 08:47:50,0,100,533,1,2021-04-30 08:47:51,R_2ypSEOJ2esjA6fH,anonymous,EN,1,52,2,5,,,2,2,43,1,2,3,2,4,2,1,2,3,4,3,4,4,4,3,3,4,2,3,1,3,4,1,1,3,2,1,1,2,4,4,3,3,2,2,1,3,4,2,2,3,2,3,4,4,4,2,3,2,4,4,2,Mt,2,,1,1,1,1,1,1,1,3,3,1,3,Ml,2,,3,2,3,1,1,1,1,2,3,3,2,No,4,,1,1,1,1,1,1,2,3,3,3,1,2,3,5,4,2,4,3,4,3,4,3,1,2,2,2,2,2,2,1,2,2,2,2,2,2,2,2,2,2,2,2,2,2,2,2,3,3,4,1,4,1,3,4,3,2,5,1,1,2,4,4,3,3,3,4,3,4,3,3,4,4,2,3,4,4,4,2,4,1,1,1,2,2,3,3,2,3,2,1,1,2,2,2,3,4,2,2,3,1,1,,1,,4,1,2,2,Qual1827-0626Rep,11120900,608c1634-0e55-8d4c-dd7e-0d582986cbe1,,,,,,,,,533,1,,2,midwest,168
2021-04-30 08:40:35,2021-04-30 08:48:03,0,100,448,1,2021-04-30 08:48:04,R_11gVEMPSH9gG3wa,anonymous,EN,1,46,2,5,,,5,1,18,2,,,,,,,,,,,,,,,,,,,,,,3,3,4,1,4,2,5,3,2,3,4,4,4,3,2,4,1,1,3,5,5,5,4,3,2,3,4,3,5,4,,,,,,,,,,,,,,,,,,,,,,,,,,,,,,,,,,,,,,,,,,,2,,,,,,,,,,,,,,,,,,,,,,,,,,,,,,,,,,,,,,,,,,,,,,,,,,,2,2,1,4,2,1,3,5,3,2,4,4,4,3,5,5,3,,,,,,,,1,1,1,1,1,1,3,4,3,3,4,4,4,7,1,,1,,4,1,4,3,Qual1827-0626Rep,11120900,608c16ea-d476-d858-7ac0-2cf38f6396fe,,,,,,,,,448,1,,3,south,168
2021-04-30 08:38:30,2021-04-30 08:48:15,0,100,585,1,2021-04-30 08:48:16,R_3sySKVACW0v8JRG,anonymous,EN,1,58,2,5,,,7,6,20,1,2,5,5,4,3,1,1,1,3,1,1,1,3,3,3,2,3,2,2,2,2,3,3,3,3,4,4,1,3,2,3,5,4,4,3,3,3,3,3,4,5,5,5,4,4,4,4,5,4,5,2,S,1,,3,3,3,3,3,3,3,1,1,1,7,F,2,,3,3,3,3,3,3,3,1,1,1,7,F,2,,3,3,3,3,3,3,3,1,1,1,7,2,3,1,1,3,3,3,1,3,3,2,2,2,2,1,2,1,1,1,1,2,2,2,2,2,2,2,2,1,2,1,2,2,4,2,4,4,4,4,4,4,4,4,4,4,2,2,2,2,2,2,2,2,2,2,2,2,3,3,3,3,3,4,3,3,3,4,2,2,2,1,2,2,2,3,3,3,3,3,2,1,4,4,2,1,5,5,5,6,3,,,1,4,1,2,1,Qual1827-0626Rep,11120900,608c1675-f8c0-1417-bd82-5f57bb1c9445,,,,,,,,,585,1,,1,northeast,168
2021-04-30 08:30:25,2021-04-30 08:48:47,0,100,1102,1,2021-04-30 08:48:48,R_307PwuXhXLMgzQy,anonymous,EN,1,44,2,5,,,3,6,10,1,3,2,4,1,3,3,2,3,4,1,3,1,4,3,4,2,5,2,3,5,2,3,3,4,4,3,4,,5,3,3,5,1,2,1,1,1,1,1,3,4,3,2,3,1,2,2,4,4,5,1,jd,4,,2,2,1,1,1,1,1,5,4,2,1,ae,4,,1,2,1,1,1,1,1,3,4,2,3,tp,2,,2,2,1,1,2,1,1,2,3,1,5,2,4,1,2,4,2,2,2,2,4,1,1,2,1,2,2,2,2,1,2,2,2,1,2,2,1,2,2,1,2,2,2,2,3,2,3,4,3,3,3,3,4,4,4,3,2,3,3,1,1,1,1,1,1,3,2,1,2,2,1,1,5,3,3,4,4,3,2,2,2,2,1,2,1,2,1,1,2,2,1,1,2,4,3,2,3,2,4,6,3,,,3,4,1,2,3,Qual1827-0626Rep,11120900,608c1478-00af-bbe2-590c-e19078ad025e,,,,,,,,,1102,1,,3,south,168
2021-04-30 08:43:58,2021-04-30 08:49:11,0,100,313,1,2021-04-30 08:49:11,R_O3UqXZ0J9EoRrPj,anonymous,EN,1,51,1,5,,,2,7,39,2,,,,,,,,,,,,,,,,,,,,,,4,3,4,1,4,1,3,4,4,3,5,4,4,4,1,4,1,1,3,5,5,3,3,2,2,4,5,3,4,3,,,,,,,,,,,,,,,,,,,,,,,,,,,,,,,,,,,,,,,,,,,2,,,,,,,,,,,,,,,,,,,,,,,,,,,,,,,,,,,,,,,,,,,,,,,,,,,1,1,1,4,1,1,4,5,4,2,3,5,1,2,2,2,3,,,,,,,,1,1,1,1,1,1,3,4,4,3,4,4,3,6,1,,2,,4,1,2,1,Qual1827-0626Rep,11120900,608c17bb-2337-14f4-2ddf-e30b6ee97fc8,,,,,,,,,313,1,,1,northeast,168
2021-04-30 08:33:45,2021-04-30 08:49:49,0,100,964,1,2021-04-30 08:49:50,R_2PuKlBT2qei55nQ,anonymous,EN,1,42,2,5,,,4,2,51,1,4,4,3,2,3,3,3,3,3,2,3,3,4,4,3,3,4,3,3,4,3,3,3,3,3,3,3,3,4,3,3,4,2,2,2,2,2,2,2,2,4,4,3,3,3,3,2,2,3,4,3,IR,4,,1,2,1,1,2,1,1,3,4,2,1,DH,1,,1,1,1,1,2,1,1,3,2,1,3,CP,2,,1,1,1,1,2,1,1,3,2,1,3,2,4,1,3,2,3,1,1,1,2,1,1,1,2,2,2,1,1,1,2,2,1,2,2,2,2,2,2,1,2,1,2,2,1,2,1,1,1,1,1,1,4,3,4,4,2,2,1,1,1,1,2,1,1,2,1,2,3,3,2,1,2,3,4,2,2,4,3,2,2,2,1,1,1,1,1,1,2,1,1,1,1,2,4,3,2,1,1,6,3,,,3,4,3,4,2,Qual1827-0626Rep,11120900,608c1557-2c64-4580-0d55-9ffbc70d2fff,,,,,,,,,964,1,,2,midwest,168
2021-04-30 08:34:31,2021-04-30 08:50:14,0,100,943,1,2021-04-30 08:50:15,R_1inAfjMDBM6tf6S,anonymous,EN,1,3,1,5,,,2,4,5,1,3,4,4,3,3,4,4,3,3,4,4,3,4,2,2,4,4,2,5,4,3,4,4,3,3,4,4,4,4,3,3,5,4,3,3,3,4,2,3,4,5,4,3,4,4,4,4,4,3,3,2,Kdisjsisjsis,2,,3,3,3,2,3,1,1,3,3,2,4,Football,4,,3,3,3,3,3,1,1,3,3,1,1,..,4,,1,1,3,1,1,3,1,3,4,3,5,2,5,6,4,3,3,2,2,3,3,2,2,2,2,1,2,2,1,2,1,2,2,1,2,1,1,2,1,1,2,2,2,2,3,3,2,2,2,1,2,1,4,2,3,3,3,3,2,3,2,4,2,2,1,3,1,3,3,3,4,3,3,3,4,4,3,4,4,1,2,2,2,2,2,3,3,4,3,3,4,3,3,3,4,3,2,2,4,6,2,,1,,1,3,4,4,Qual1827-0626Rep,11120900,608c1557-bd2d-e529-0f31-758604c9996c,,,,,,,,,943,1,,4,west,168
2021-04-30 08:39:19,2021-04-30 08:50:22,0,100,663,1,2021-04-30 08:50:23,R_3G9wVPTfHOUKcfQ,anonymous,EN,1,56,2,5,,,4,2,44,2,,,,,,,,,,,,,,,,,,,,,,2,3,2,1,2,1,4,4,3,3,4,1,3,1,4,3,1,1,1,5,4,5,3,2,1,4,1,5,5,1,,,,,,,,,,,,,,,,,,,,,,,,,,,,,,,,,,,,,,,,,,,2,,,,,,,,,,,,,,,,,,,,,,,,,,,,,,,,,,,,,,,,,,,,,,,,,,,5,3,1,5,1,1,4,5,4,4,3,4,3,3,4,4,4,,,,,,,,1,2,1,1,1,1,3,4,5,3,5,5,2,11,2,,1,,4,1,2,3,Qual1827-0626Rep,11120900,608c1664-ef5f-6b67-172b-57b0eac9eb8e,,,,,,,,,663,1,,3,south,168
2021-04-30 08:35:09,2021-04-30 08:50:26,0,100,916,1,2021-04-30 08:50:26,R_339LVf0X6s8Scox,anonymous,EN,1,44,2,5,,,5,5,44,2,,,,,,,,,,,,,,,,,,,,,,2,2,3,1,3,3,4,3,3,3,4,3,3,2,3,3,1,1,3,4,5,3,3,3,2,4,3,4,5,1,,,,,,,,,,,,,,,,,,,,,,,,,,,,,,,,,,,,,,,,,,,2,,,,,,,,,,,,,,,,,,,,,,,,,,,,,,,,,,,,,,,,,,,,,,,,,,,3,1,1,3,1,1,3,4,3,1,5,4,3,2,4,3,3,,,,,,,,1,1,1,1,1,1,3,4,5,4,3,3,3,9,2,,1,,4,1,2,3,Qual1827-0626Rep,11120900,608c1572-0943-5222-f1e7-d39ec0cb52e7,,,,,,,,,916,1,,3,south,168
2021-04-30 08:28:39,2021-04-30 08:51:15,0,100,1356,1,2021-04-30 08:51:16,R_1oAvciytD8RYC0x,anonymous,EN,1,45,2,5,,,2,2,11,1,4,4,4,2,3,3,2,2,4,2,4,2,4,4,3,2,4,2,3,4,2,3,3,3,3,3,3,4,4,3,3,3,4,4,3,3,3,3,4,3,3,3,5,4,3,3,3,4,3,2,3,Veronica,2,,2,2,2,2,2,3,3,3,2,1,5,Doug,2,,2,2,2,2,2,3,2,3,4,2,3,Jesse,2,,2,2,3,2,2,3,2,3,3,1,5,2,3,2,2,2,3,2,2,2,2,1,1,1,2,2,1,2,2,1,2,2,1,1,1,2,2,2,2,2,2,1,2,2,3,3,3,2,3,3,3,3,2,2,3,3,3,2,2,3,3,3,3,1,1,2,2,1,2,2,3,1,3,4,2,3,2,4,2,2,2,2,3,3,4,4,3,3,3,3,3,2,3,4,2,2,3,2,3,6,1,,1,,4,1,2,3,Qual1827-0626Rep,11120900,608c13de-69d3-a769-40b4-95afdb37485f,,,,,,,,,1356,1,,3,south,168
2021-04-30 08:43:39,2021-04-30 08:51:25,0,100,466,1,2021-04-30 08:51:26,R_zVbaUsxzRvtYuWt,anonymous,EN,1,36,1,5,,,7,2,33,1,1,4,3,3,3,3,3,3,3,3,3,3,3,4,3,3,3,3,3,3,3,2,2,2,2,3,3,5,2,2,3,2,3,4,3,3,3,3,3,3,3,2,3,3,3,4,4,3,2,3,4,none,5,,1,2,1,1,1,1,1,3,3,3,5,none,2,,1,1,1,1,1,1,1,3,3,3,5,none,2,,1,1,1,1,1,1,1,3,4,3,5,2,2,1,2,3,3,2,2,2,2,2,2,2,2,2,2,2,2,2,2,2,2,2,2,2,2,2,2,2,2,2,2,2,2,2,3,3,3,2,3,3,3,3,3,3,3,2,2,3,3,3,2,3,3,3,3,3,3,3,3,3,2,3,3,3,3,3,3,2,2,2,3,3,3,3,2,3,3,3,3,3,2,3,3,3,3,3,3,7,1,,2,,4,1,2,1,Qual1827-0626Rep,11120900,608c17a5-4358-d7ff-0b80-e80d88479488,,,,,,,,,466,1,,1,northeast,168
2021-04-30 08:12:55,2021-04-30 08:51:52,0,100,2336,1,2021-04-30 08:51:52,R_2Bl2baeaBDiHFsn,anonymous,EN,1,58,1,6,Filipino Am,,3,5,,1,4,3,4,2,4,4,2,2,4,2,4,2,4,2,3,2,3,2,2,4,2,3,3,2,2,3,2,4,4,2,3,4,3,4,3,3,4,3,3,5,5,4,4,3,3,4,4,5,3,2,4,A L,6,,2,3,2,1,2,2,3,3,3,3,1,LC,6,,2,3,2,2,2,1,2,3,3,2,2,EA,2,,3,2,3,2,3,2,3,2,2,2,4,2,4,3,3,3,4,2,2,2,2,1,1,1,1,1,1,2,1,2,2,1,2,1,2,1,1,1,1,2,2,2,2,2,3,2,4,4,2,3,2,3,5,2,5,1,3,1,2,3,2,2,3,1,2,2,2,2,2,2,2,1,2,4,2,2,2,4,3,2,2,1,3,4,2,2,2,1,3,2,2,1,3,4,2,2,3,3,3,7,2,,2,,4,1,2,,Qual1827-0626Rep,11120900,608c1060-19d3-ca04-3141-e747205c6251,,,,,,,,,2336,1,,0,,168
2021-04-30 08:24:03,2021-04-30 08:53:34,0,100,1771,1,2021-04-30 08:53:34,R_2Esm1CvbJSReIOn,anonymous,EN,1,22,2,5,,,2,1,14,1,2,3,2,4,3,2,4,3,3,3,3,3,3,4,2,3,4,3,3,3,3,3,3,3,3,3,3,4,1,3,3,3,4,4,4,3,4,3,3,3,4,4,4,3,2,3,3,4,4,4,1,Jl,1,,1,2,2,1,1,1,1,3,4,3,1,N/a,6,,1,1,1,1,1,1,1,5,5,5,1,No one,6,,1,1,1,1,1,1,1,5,5,5,1,2,2,1,2,2,2,2,2,2,2,2,2,2,2,2,2,2,2,2,2,2,2,2,2,2,2,2,2,2,2,2,2,2,1,2,2,2,2,2,2,2,2,2,2,2,2,1,1,1,1,1,1,1,1,3,2,1,1,1,1,1,4,4,3,3,3,3,3,2,2,2,1,1,1,1,1,1,1,1,1,1,2,3,3,3,2,2,2,11,3,,,3,4,1,2,2,Qual1827-0626Rep,11120900,608c12c3-5614-483b-33b8-1aa54c71593c,,,,,,,,,1771,1,,2,midwest,168
2021-04-30 08:34:54,2021-04-30 08:55:30,0,100,1236,1,2021-04-30 08:55:31,R_3F2nPmeui89PPYg,anonymous,EN,1,53,2,5,,,3,6,36,1,2,4,3,1,3,3,3,2,4,2,3,2,4,2,3,2,4,2,3,4,2,3,3,3,3,4,3,4,4,2,3,5,2,3,1,2,2,2,2,3,5,4,3,4,3,4,4,4,5,5,1,Kb,1,,1,2,2,2,1,1,1,5,3,1,3,Bb,1,,1,2,2,2,1,1,1,5,3,1,3,Jk,4,,2,2,2,2,2,1,1,2,4,3,1,2,2,1,1,2,2,2,1,2,2,1,1,1,2,1,1,2,2,1,2,2,2,1,2,2,1,2,2,1,2,1,2,2,2,4,3,3,3,3,3,3,4,3,5,2,1,2,2,1,1,3,2,5,3,3,2,4,4,5,4,2,4,4,4,3,4,3,4,2,2,2,1,1,1,1,1,2,2,1,2,1,3,3,3,2,3,2,4,9,2,,1,,4,1,3,2,Qual1827-0626Rep,11120900,608c1584-ca36-f945-96e3-4e3be94c5980,,,,,,,,,1236,1,,2,midwest,168
2021-04-30 08:37:03,2021-04-30 08:55:42,0,100,1119,1,2021-04-30 08:55:43,R_2tsNLISfWpdhNiF,anonymous,EN,1,6,2,5,,,3,1,4,1,2,4,3,2,3,4,3,5,4,4,5,3,4,3,4,4,3,5,5,4,5,4,3,3,3,4,4,5,2,2,3,5,4,3,3,3,4,3,4,4,5,3,3,5,3,3,2,4,4,3,1,"Unsure ",4,,2,1,3,2,3,2,2,2,2,2,1,Notsure,3,,2,2,2,3,3,2,2,2,2,2,1,"Unsure ",3,,3,2,1,3,2,1,3,2,2,3,1,2,3,2,3,1,4,4,3,2,3,3,2,2,2,2,2,2,2,2,2,2,2,2,2,2,2,2,2,2,2,2,2,2,3,2,2,2,3,3,3,2,2,2,3,2,2,4,4,3,2,3,4,3,2,4,4,4,3,3,3,3,4,3,3,4,3,4,4,1,2,1,2,2,4,3,2,4,4,3,4,3,4,2,3,4,1,4,4,2,1,,1,,4,3,4,3,Qual1827-0626Rep,11120900,608c161b-1379-0e3e-eb69-02aaa3532760,,,,,,,,,1119,1,,3,south,168
2021-04-30 08:38:16,2021-04-30 08:55:44,0,100,1047,1,2021-04-30 08:55:44,R_3OdEYtj3qVa5I4C,anonymous,EN,1,10,1,6,Black & white,,1,2,45,1,6,3,3,3,3,3,2,1,4,4,5,1,5,3,5,1,5,1,4,5,1,4,4,2,4,4,4,1,3,4,3,4,1,1,1,1,1,1,1,2,5,5,1,3,1,2,3,3,5,5,1,N.a,4,,1,1,1,1,1,1,2,3,3,2,1,C.k,1,,2,2,2,1,1,1,2,3,3,1,5,G.C,4,,2,2,2,2,1,1,1,2,3,3,1,2,5,4,2,2,2,2,2,3,3,2,1,1,2,2,2,2,1,1,2,2,1,2,2,2,1,2,1,2,2,1,2,2,3,5,3,3,3,3,3,3,4,4,3,4,4,1,1,4,1,1,2,2,2,2,2,2,1,1,1,1,5,4,5,3,5,3,4,1,2,1,1,1,1,1,2,1,2,2,2,2,5,5,5,4,1,1,3,6,3,,,2,4,2,2,3,Qual1827-0626Rep,11120900,608c162c-4d05-53b8-f0a0-b1f7f9f07c9c,,,,,,,,,1047,1,,3,south,168
2021-04-30 08:43:13,2021-04-30 08:56:17,0,100,784,1,2021-04-30 08:56:18,R_SE5sTegA7QolN2p,anonymous,EN,1,44,2,5,,,1,1,34,1,4,2,3,2,3,4,2,2,4,1,4,2,4,3,3,2,4,3,3,4,2,4,3,2,2,3,1,2,4,4,3,5,3,3,3,3,4,3,3,3,5,4,4,4,3,4,4,3,3,4,4,DW,4,,1,3,2,1,1,1,1,3,4,2,2,DE,2,,1,2,2,1,1,1,1,3,4,2,3,DK,1,,2,3,2,1,2,1,1,3,4,1,4,2,4,2,1,2,4,2,2,4,2,2,2,1,2,2,2,2,2,2,2,2,1,2,2,2,1,2,1,2,2,2,2,2,2,2,3,3,2,3,2,3,1,3,4,2,3,2,2,1,1,1,1,1,3,1,1,1,2,4,2,1,2,3,4,4,2,4,3,2,2,2,1,1,1,1,2,2,1,1,2,1,1,1,3,3,2,1,2,6,3,,,3,4,3,4,3,Qual1827-0626Rep,11120900,608c173a-725a-3d7a-404c-b1c28572817f,,,,,,,,,784,1,,3,south,168
2021-04-30 08:38:06,2021-04-30 09:00:39,0,100,1353,1,2021-04-30 09:00:40,R_AmkttULB3dRHHSp,anonymous,EN,1,56,2,5,,,2,2,10,1,5,4,3,3,3,3,2,2,4,2,3,2,4,2,2,2,3,2,4,4,3,2,2,3,1,2,1,5,4,2,3,5,2,4,1,4,3,2,3,1,5,4,4,3,1,1,3,3,5,5,1,cm,1,,1,2,2,1,2,2,1,1,1,1,7,lm,1,,2,2,2,1,2,2,1,1,3,2,3,kc,1,,1,2,1,1,1,1,1,5,3,1,5,2,2,1,1,1,2,2,2,2,3,1,1,2,2,2,2,2,2,1,2,2,2,2,2,2,1,2,2,2,2,2,2,2,3,2,3,2,2,4,2,4,4,2,4,2,1,4,1,1,1,1,1,1,4,4,3,1,1,1,1,1,5,4,4,2,5,4,4,2,2,2,2,2,2,5,1,3,3,1,1,1,4,4,5,5,3,3,3,11,2,,1,,4,1,2,3,Qual1827-0626Rep,11120900,608c1624-7058-490d-b69d-7fe7a74075aa,,,,,,,,,1353,1,,3,south,168
2021-04-30 08:27:11,2021-04-30 09:01:22,0,100,2050,1,2021-04-30 09:01:22,R_2D0vpnlNrMwaH4v,anonymous,EN,1,34,2,5,,,3,1,34,1,2,3,3,3,3,3,3,3,3,3,3,3,3,3,3,3,3,3,3,3,3,3,3,3,3,3,3,4,5,5,3,3,2,2,2,2,2,2,2,2,3,3,4,3,3,3,3,3,3,3,1,Tc,4,,2,2,1,1,1,1,1,5,4,4,1,Kj,4,,2,2,2,1,2,2,2,3,4,2,2,Ds,1,,2,2,2,2,2,2,2,2,1,1,6,2,2,2,2,2,2,2,2,2,2,1,2,2,2,2,2,2,2,2,2,2,2,2,2,2,2,2,2,2,2,2,2,2,1,5,1,1,1,1,1,1,1,1,1,1,1,1,1,1,1,1,1,1,1,1,1,1,1,1,1,1,5,1,3,3,5,3,3,1,1,1,2,1,1,1,1,1,2,1,2,1,2,3,3,3,1,1,1,6,2,,2,,4,1,4,3,Qual1827-0626Rep,11120900,608c13cd-74ad-4787-3024-d89972b9f662,,,,,,,,,2050,1,,3,south,168
2021-04-30 08:30:51,2021-04-30 09:01:37,0,100,1846,1,2021-04-30 09:01:37,R_3qqEqNA2JDRmI7U,anonymous,EN,1,57,2,5,,,7,7,10,1,1,3,3,2,3,4,2,1,4,1,3,2,4,4,3,1,4,1,1,3,2,3,2,2,2,4,2,4,4,4,3,5,3,3,4,1,4,1,1,3,4,4,4,3,3,3,4,4,2,3,3,MB,2,,1,1,1,1,1,1,1,5,3,2,2,SJ,2,,1,1,1,1,1,1,1,1,3,1,3,MJ,4,,1,1,1,1,1,1,1,5,4,2,1,2,3,1,1,2,3,2,1,1,3,1,1,2,1,2,2,2,2,1,2,2,2,2,2,1,2,2,2,2,2,2,2,2,2,2,2,2,3,3,3,3,4,2,4,3,1,2,2,1,1,1,1,1,4,4,2,4,3,3,3,2,1,5,4,2,3,4,5,1,1,2,1,1,1,1,1,1,1,1,1,1,4,5,3,3,5,5,4,5,1,,2,,4,1,2,3,Qual1827-0626Rep,11120900,608c1491-0f06-8c82-2c2c-c60ab9cf23f7,,,,,,,,,1846,1,,3,south,168
2021-04-30 08:35:16,2021-04-30 09:02:16,0,100,1619,1,2021-04-30 09:02:16,R_1gImDPGXMExN29i,anonymous,EN,1,57,2,5,,,6,7,19,1,1,1,4,2,1,3,1,1,3,1,3,1,3,3,3,1,3,1,1,3,4,3,3,3,2,3,3,6,2,2,3,5,4,4,4,1,4,1,1,4,5,4,3,4,3,3,4,4,1,3,5,BM,1,,2,2,2,1,1,1,1,1,2,1,5,RY,2,,2,2,2,1,1,1,1,1,3,1,4,KF,1,,2,2,2,1,1,1,1,5,1,1,7,2,2,1,1,2,5,1,1,2,5,1,1,2,2,2,2,2,2,2,2,2,2,2,2,2,2,2,2,2,2,2,2,2,2,5,3,3,3,3,3,3,2,3,5,1,2,2,2,1,1,1,1,5,4,5,1,1,1,5,5,1,1,4,5,2,2,4,4,2,2,2,1,1,1,1,1,1,1,1,1,1,3,4,5,5,4,3,3,6,1,,2,,4,1,2,3,Qual1827-0626Rep,11120900,608c15ac-7832-782e-c766-4dd4293a51f3,,,,,,,,,1619,1,,3,south,168
2021-04-30 08:41:06,2021-04-30 09:04:01,0,100,1374,1,2021-04-30 09:04:02,R_31ynb38T1OeiItk,anonymous,EN,1,27,2,5,,,5,7,46,1,1,3,3,2,3,4,2,3,3,2,3,3,4,3,3,3,4,2,3,3,2,2,2,2,2,4,4,1,4,4,3,4,2,3,2,2,2,2,3,4,5,4,4,4,3,3,4,4,4,5,2,joe,2,,3,3,3,3,3,2,3,2,3,1,2,Bethany,3,,2,2,2,2,2,2,2,2,4,2,1,Monica,1,,2,2,2,2,2,2,2,3,3,1,1,2,4,2,2,3,3,3,2,3,3,2,1,2,1,1,1,1,1,1,1,2,1,1,2,1,1,2,1,1,2,1,2,2,4,4,4,4,4,4,4,4,4,3,4,3,3,3,3,2,2,3,3,3,1,3,2,2,3,3,3,3,3,4,2,4,4,4,1,1,1,1,3,2,2,3,2,2,3,3,1,1,3,3,4,3,3,2,3,6,1,,1,,4,1,3,4,Qual1827-0626Rep,11120900,608c170e-f811-817b-4607-f53520ac8a08,,,,,,,,,1374,1,,4,west,168
2021-04-30 08:28:38,2021-04-30 09:34:21,0,100,3942,1,2021-04-30 09:34:22,R_4HF37jf2BubxvfH,anonymous,EN,1,41,1,5,,,2,1,26,1,1,5,1,5,1,1,5,3,5,1,3,3,3,3,1,1,1,1,3,5,1,3,4,3,1,4,3,1,5,5,3,4,4,4,5,3,5,3,3,4,3,3,4,4,4,4,3,3,1,5,4,None,6,No one,1,1,1,1,1,1,1,5,5,3,1,No one,6,No one,1,1,1,1,1,1,1,5,5,3,1,I dont know,6,No one,1,1,1,1,1,1,1,5,5,3,1,2,5,1,1,2,4,2,2,1,1,2,2,1,2,2,1,2,2,2,2,2,2,2,2,2,2,2,2,2,2,2,2,2,1,1,2,2,2,2,2,2,2,2,3,2,1,1,1,1,1,1,1,1,1,4,1,3,1,1,1,1,4,4,4,4,3,3,4,2,2,2,1,1,1,1,1,1,1,1,1,1,1,1,5,5,5,5,3,6,2,,2,,4,3,4,2,Qual1827-0626Rep,11120900,608c1420-5c59-7b26-46e5-78c2d37601f0,,,,,,,,,3942,1,,2,midwest,168
